app_id,app_name,reviewId,userName,score,content,thumbsUpCount,at
com.aisense.otter,OtterAI Transcribe Voice Notes,,Elsewhere Nonstop,1,doesn't work don't waste your time can't pic ul most conversations,0,2026-01-05 08:26:22
com.aisense.otter,OtterAI Transcribe Voice Notes,,James Porter Jr,1,Refuse to open on my Galaxy A16,0,2026-01-02 17:10:52
com.aisense.otter,OtterAI Transcribe Voice Notes,,Google Account,1,"Now if you don't have notifications turned on (which I haven't for many years), it will have a spammy pop-up trying to convince you EVERY TIME YOU OPEN THE APP",0,2026-01-01 12:20:18
com.aisense.otter,OtterAI Transcribe Voice Notes,,Matthew Oz,1,scam.,0,2026-01-01 09:08:46
com.aisense.otter,OtterAI Transcribe Voice Notes,,Karen Bobic,3,I actually uninstalled the app on my phone and it still keeps trying to record on zoom. How do I stop it from recording?,0,2025-12-29 03:25:08
com.aisense.otter,OtterAI Transcribe Voice Notes,,Ian Munro,1,"worsening transcription, unreliable recording. long time user of various tiers but service has gotten worse in every way and more expensive. now it seems it will delete recordings if it can't upload recordings in the short term. second time I've been burned now. avoid.",1,2025-12-28 23:56:07
com.aisense.otter,OtterAI Transcribe Voice Notes,,B14,1,By adding the In app purchases this full of greed developer turned this app into trash shame on you guys 😤,0,2025-12-28 03:40:24
com.aisense.otter,OtterAI Transcribe Voice Notes,,Deirdre Millman,4,"I just started using this today, and for free, it's a great product!",0,2025-12-27 18:27:01
com.aisense.otter,OtterAI Transcribe Voice Notes,,Statesman,1,record for free...then you have to pay to listen to old files...trap,0,2025-12-27 17:39:56
com.aisense.otter,OtterAI Transcribe Voice Notes,,Sandra Jones,1,"I’ve used Otter.ai about a month and find it frustrating. The website is glitchy and won’t bulk move records to folders even though the phone app does. The Pro plan feels no better than free still limited bulk sharing, downloads, and only 10 uploads/mo despite 1200 mins. Downgrading from Business shouldn’t strip features. They force upgrades to get basic functionality I need. They don't have a away to record calls and transcribe them which are also meeting notes for me. Not worth it for my use.",0,2025-12-25 13:53:10
com.aisense.otter,OtterAI Transcribe Voice Notes,,basheer raad,4,"very good app and life saver Missing star: only one thing annoyed me, if i subscribed from the website, i can't cancel subscription from the mobile app. i should be able to manage my subscription from mobile app regardless where and when i subscribed.",0,2025-12-25 10:06:40
com.aisense.otter,OtterAI Transcribe Voice Notes,,Msindisi Mngojo,5,exceptional,0,2025-12-24 21:16:45
com.aisense.otter,OtterAI Transcribe Voice Notes,,mahendra singh,1,west of time,0,2025-12-22 17:32:40
com.aisense.otter,OtterAI Transcribe Voice Notes,,Mike Savad,1,"It didn't work, and it signed me up to a mailing list that I can't get off of no matter how many times I unsubscribe.",0,2025-12-20 13:55:09
com.aisense.otter,OtterAI Transcribe Voice Notes,,Christina Cisneros-Guzman,1,it never works,0,2025-12-20 04:41:38
com.aisense.otter,OtterAI Transcribe Voice Notes,,nicole walker,5,best transcription so far,0,2025-12-20 01:31:50
com.aisense.otter,OtterAI Transcribe Voice Notes,,Alex M,1,Requires too many distracting interactions. It's not instant nor inntuituve. Not useful for mobile efficiency,1,2025-12-18 12:29:02
com.aisense.otter,OtterAI Transcribe Voice Notes,,Tim Wall,1,"How unscrupulous! I was charged $99.99 by Otter, although my account is set to the free plan, and has been for at least a year. I received an email on 11/29 warning that my Pro Plan would renew. I checked my account on 12/1 and saw that it was still on the Basic free plan, so I assumed the email was in error. I took a screenshot to be on the safe side. Even with this proof, Otter is now claiming that they won't refund a subscription due to their terms of service.",1,2025-12-16 13:34:04
com.aisense.otter,OtterAI Transcribe Voice Notes,,Om Prakash,1,One of the worst apps. please don't use it for free also. I paid a 1 month plan and was not able to get my old recordings and my money also lost. No help no support after sending multiple emails. Not recommended to anyone.,2,2025-12-15 23:38:31
com.aisense.otter,OtterAI Transcribe Voice Notes,,Nans B,1,"I'm trying to cancel my subscription since November, sent an email to customer service and nothing. I don't want to continue paying for something I'm not using!",0,2025-12-14 22:44:46
com.aisense.otter,OtterAI Transcribe Voice Notes,,Yani Tsakos,1,"BUYER BEWARE: 12/13/25 - Dev's response is false. They are demonstrably different, Google version being incomplete. GOOGLE does not refund the paid subscription when this is brought to their attention. Otter does not fix it. Go get another transcription program. As much as I like Otter, this version on Google does not include access to everything advertised. You only get all elements when you buy a subscription through Otter directly. The Google one is incomplete.",1,2025-12-13 19:11:12
com.aisense.otter,OtterAI Transcribe Voice Notes,,Emile Choo,1,"the app does not work well. often transcripts are not fully transcribed, and when you contact the support, there is no support. I've waited 4 weeks for resolution for incomplete transcript and support is silent even after many reminders from me.",0,2025-12-13 16:37:09
com.aisense.otter,OtterAI Transcribe Voice Notes,,Laura Killingsworth,3,"the free version says up to x many imports per month, and my last import was in September yet it's telling me I have 0 left..can you please help",0,2025-12-13 01:43:40
com.aisense.otter,OtterAI Transcribe Voice Notes,,Carey Vandenberg,4,"I've used Otter and occasionally check to see if there is a better option. Reason being is sometimes the audio is so far off of the text in matching. My biggest issue now is when I am in a weaker cell range, Part and sometimes most of the meeting doesn't get recorded. Isn't there a way of the audio going to my phone's internal storage during this time?",42,2025-12-12 21:42:41
com.aisense.otter,OtterAI Transcribe Voice Notes,,The best of Luxury,5,suuuper private secretary,0,2025-12-12 15:59:48
com.aisense.otter,OtterAI Transcribe Voice Notes,,Michael Rourke,1,"Worst logo to represent a company. I was in search of an app for Ollie, a dog food app. I downloaded this app by mistake. Just look at the logo: this is for a company named Otter? Not to my eyes. To me, this logo will always read as Ollie, not Otter. Worst logo representation I have ever seen for a company brand. Why would you omit the crossbar from the letter t's? Change your marketing & assets team.",0,2025-12-12 02:26:14
com.aisense.otter,OtterAI Transcribe Voice Notes,,Green Fog,1,garbage,0,2025-12-11 21:17:43
com.aisense.otter,OtterAI Transcribe Voice Notes,,Sean Sadasivan,1,Recordings with Bluetooth devices has stopped working,0,2025-12-11 19:49:30
com.aisense.otter,OtterAI Transcribe Voice Notes,,Shawn Paul,1,"UPDATE: As you can see how lame this company is, they responded to my review but they did not address anything about the fact that I requested a refund immediately after purchasing it. ORIGINAL: I specifically searched online and found that Otter can record phone calls, which was one of the reasons I decided to pay for the service. However, when I tested it out, I discovered that it wouldn't record a call. I immediately requested a refund, but they refused to process it.",1,2025-12-11 19:46:44
com.aisense.otter,OtterAI Transcribe Voice Notes,,Prince Omonu Itanyi,5,"as a project manager, this is a life saver",0,2025-12-10 15:46:30
com.aisense.otter,OtterAI Transcribe Voice Notes,,Rita White,5,this was last months meeting...,0,2025-12-10 05:38:23
com.aisense.otter,OtterAI Transcribe Voice Notes,,Star,5,I have had a very great experience using this app .it helps me to translate another language easily or even write notes form voices I absolutely recommend!,0,2025-12-09 20:40:42
com.aisense.otter,OtterAI Transcribe Voice Notes,,Jerry Cornelius,1,"Not even close! Transcribes total nonsense. Ok, I am German but it says multilingual. You get 10 uploads when you subscribe. Ten...? Wth!?",0,2025-12-09 12:55:50
com.aisense.otter,OtterAI Transcribe Voice Notes,,Riaan Eloff,1,Why did you charge me again!? I cancelled this subscription!!,4,2025-12-07 10:02:26
com.aisense.otter,OtterAI Transcribe Voice Notes,,Rod Montgomery,1,"I wanted to hijack my email address too many permissions wanted to be granted to proceed, then when I finally was able to get on I only allowed me 30 minutes of content before it wanted me to upgrade and go to a paid version, I don't know why I presenters would want their customers listening to this to have to pay for something, where they're selling something...",1,2025-12-06 21:07:32
com.aisense.otter,OtterAI Transcribe Voice Notes,,Jean Paul Ceulemans,1,No way I'm giving you my personal information,1,2025-12-06 20:53:00
com.aisense.otter,OtterAI Transcribe Voice Notes,,Amanda McSweeney,2,"they added an AI question feature that pops up at the end and it's terrible. I'm not looking for extra engagement in the first place and even if I was, the questions provided are inane",1,2025-12-06 14:04:12
com.aisense.otter,OtterAI Transcribe Voice Notes,,Suleiman Sulyzaki,5,awesome,0,2025-12-05 04:50:20
com.aisense.otter,OtterAI Transcribe Voice Notes,,Dee Price,3,it does what I need. Accuracy could be improved. I've had the account for a number of years.,0,2025-12-05 01:24:42
com.aisense.otter,OtterAI Transcribe Voice Notes,,Ginadamianokemow Okemow,5,wonderful,0,2025-12-04 00:51:45
com.aisense.otter,OtterAI Transcribe Voice Notes,,Jules S,1,Can't use for free. Premium is theft. Garbage app,1,2025-12-03 17:06:57
com.aisense.otter,OtterAI Transcribe Voice Notes,,Yevgeniy Afanasyev,1,"simply not working. I tried 3 times to import a Facebook video link. and all 3 times I had no response - no success, no error. just nothing. upsetting.",1,2025-12-02 13:16:34
com.aisense.otter,OtterAI Transcribe Voice Notes,,Lekh Pawar,2,ai summary not showing up,0,2025-12-01 08:43:38
com.aisense.otter,OtterAI Transcribe Voice Notes,,Malek Asfar,1,"there is no language other than English, Spanish, and French. no Arabic language is integrated with this app",0,2025-12-01 04:48:51
com.aisense.otter,OtterAI Transcribe Voice Notes,,Connor Strzelewicz,5,Fantastic AI note taker,1,2025-11-30 18:45:44
com.aisense.otter,OtterAI Transcribe Voice Notes,,Neville Chester,1,i have upgraded yet it still wont allow me files longer than 30 mins,0,2025-11-30 17:56:43
com.aisense.otter,OtterAI Transcribe Voice Notes,,Chris Okon,5,i love this app,0,2025-11-30 11:22:01
com.aisense.otter,OtterAI Transcribe Voice Notes,,Cala Rata,5,good app 👌 👍,0,2025-11-29 19:08:09
com.aisense.otter,OtterAI Transcribe Voice Notes,,Mary Ukpong,4,Nice app but try and record words accurately and expatiate more,0,2025-11-29 11:31:34
com.aisense.otter,OtterAI Transcribe Voice Notes,,Shakil Khwaja,5,awesome App,0,2025-11-29 00:11:00
com.codespaceapps.meetingtranscriber,Smart Noter - AI Note Taker,,Daliya Sultana,5,👍,0,2026-01-06 13:32:36
com.codespaceapps.meetingtranscriber,Smart Noter - AI Note Taker,,Abba dundum Okwuosa,5,powerful indeed,0,2026-01-06 08:28:54
com.codespaceapps.meetingtranscriber,Smart Noter - AI Note Taker,,Luyando Simoonga,4,Very effective,0,2026-01-06 07:01:29
com.codespaceapps.meetingtranscriber,Smart Noter - AI Note Taker,,Lojik Yamini,5,love it,0,2026-01-06 04:52:39
com.codespaceapps.meetingtranscriber,Smart Noter - AI Note Taker,,Nwokedi Nworisara,5,Almost perfect transcript.kudos,0,2026-01-04 22:06:45
com.codespaceapps.meetingtranscriber,Smart Noter - AI Note Taker,,Victor Atigro,5,awesome,0,2026-01-04 21:57:19
com.codespaceapps.meetingtranscriber,Smart Noter - AI Note Taker,,sinethemba cinglez zenzile,5,exciting,0,2026-01-04 18:06:42
com.codespaceapps.meetingtranscriber,Smart Noter - AI Note Taker,,Shumaila Khan,5,it's great app for students to understand well and get accurate information,0,2026-01-02 17:31:08
com.codespaceapps.meetingtranscriber,Smart Noter - AI Note Taker,,Atbapii Tenge,3,the best 👌 ever i really enjoyed,0,2025-12-31 04:56:30
com.codespaceapps.meetingtranscriber,Smart Noter - AI Note Taker,,Elisabeta Tiko,5,Good application to use.,0,2025-12-29 23:12:15
com.codespaceapps.meetingtranscriber,Smart Noter - AI Note Taker,,Richard Kawenyera,5,Nice App,0,2025-12-29 11:40:30
com.codespaceapps.meetingtranscriber,Smart Noter - AI Note Taker,,Akande Samuel Bolade,5,Great application,0,2025-12-29 08:11:15
com.codespaceapps.meetingtranscriber,Smart Noter - AI Note Taker,,Olawale Akisanmi,5,Fantastic App for meeting,0,2025-12-28 20:09:08
com.codespaceapps.meetingtranscriber,Smart Noter - AI Note Taker,,Oliver Hall,4,it is a learning proess,0,2025-12-28 12:52:42
com.codespaceapps.meetingtranscriber,Smart Noter - AI Note Taker,,A Google user,4,ok good,0,2025-12-28 09:03:10
com.codespaceapps.meetingtranscriber,Smart Noter - AI Note Taker,,Andrea Alejandro,1,the app just stopped working for me. the app is no good. do you know of any other app like this one.,0,2025-12-27 01:28:38
com.codespaceapps.meetingtranscriber,Smart Noter - AI Note Taker,,olobayo david,1,"I was charged ₦16,500 for Smart Noter Premium without my intention. I noticed the debit immediately, cancelled the subscription, and requested a refund, but both Google Play and the developer refused. I did not use the service. This experience has been very disappointing and financially stressful. I advise users to be extremely careful before subscribing.",0,2025-12-27 00:51:00
com.codespaceapps.meetingtranscriber,Smart Noter - AI Note Taker,,Younes Habyb,5,great,0,2025-12-26 12:52:51
com.codespaceapps.meetingtranscriber,Smart Noter - AI Note Taker,,Mike Oheri,5,excellent,0,2025-12-25 12:46:08
com.codespaceapps.meetingtranscriber,Smart Noter - AI Note Taker,,Imtiaz Khan,5,good,0,2025-12-25 08:25:08
com.codespaceapps.meetingtranscriber,Smart Noter - AI Note Taker,,Jorge Dalida,5,it's perfect it's good just do it users and my all followers,0,2025-12-22 19:30:37
com.codespaceapps.meetingtranscriber,Smart Noter - AI Note Taker,,alpha bravo (ab),1,over charged me 3 times (@ usd 7.99/per charge) in july alone. Just noticed this as I recently paid for another month for usd $9.99 I have emailed asking for full refund for all paid months after which I will delete app....come on goggle app store be better,0,2025-12-22 16:27:39
com.codespaceapps.meetingtranscriber,Smart Noter - AI Note Taker,,Tolulope Shodipo,1,"I did not use this app as I didn't find it useful but I have been charged £8.49 four time, this is absolutely ridiculous. I will have to dispute this. my monies needs to be refunded!!! I could have given it aa 0 if possible.",1,2025-12-21 22:34:47
com.codespaceapps.meetingtranscriber,Smart Noter - AI Note Taker,,Jada Johnson,2,Nothing like finding out your notes were not recorded.,1,2025-12-21 20:46:38
com.codespaceapps.meetingtranscriber,Smart Noter - AI Note Taker,,Amanda Elliott,3,they won't let you delete the folders and say something's wrong with it try again later I've been reaching out to their team and they haven't done it I've been doing this since August you can delete the recordings but not the folders or rename them they need to fix that issue if they don't they're not going to get a five star,0,2025-12-21 16:42:50
com.codespaceapps.meetingtranscriber,Smart Noter - AI Note Taker,,Logan Hyde,1,worst app ever stole my money. I can't find anywhere to cancel my subscription.,0,2025-12-20 17:10:42
com.codespaceapps.meetingtranscriber,Smart Noter - AI Note Taker,,Carlos G Candia,5,unbelievable.....,0,2025-12-19 14:39:09
com.codespaceapps.meetingtranscriber,Smart Noter - AI Note Taker,,Malick Amadou,2,Fail to transcript videos from YouTube or from my phone every time. I don't see the point of paying for something unreliable.,1,2025-12-19 08:55:26
com.codespaceapps.meetingtranscriber,Smart Noter - AI Note Taker,,Garba Dogu,5,veri good,0,2025-12-18 19:48:20
com.codespaceapps.meetingtranscriber,Smart Noter - AI Note Taker,,Paul “Tristan” Fuller,5,it's fast efficient first time so far,0,2025-12-18 19:44:03
com.codespaceapps.meetingtranscriber,Smart Noter - AI Note Taker,,neil dack,1,charged every week multiple times,0,2025-12-18 17:05:36
com.codespaceapps.meetingtranscriber,Smart Noter - AI Note Taker,,Akashie Friday,5,wonderful app,0,2025-12-18 07:39:31
com.codespaceapps.meetingtranscriber,Smart Noter - AI Note Taker,,Abdul Rahim Jalloh Esq,1,"paid for the service, can't make use of it. the audio downloaded but can't past the transcribe audio section. app not reliable",0,2025-12-18 07:39:10
com.codespaceapps.meetingtranscriber,Smart Noter - AI Note Taker,,Brianna Zeller,1,unable to cancel subscription.,0,2025-12-17 15:27:19
com.codespaceapps.meetingtranscriber,Smart Noter - AI Note Taker,,Engr Kembuluck Sarka,5,"thank you so much guys,gud Job gaskiya happy Christmas 🎄 in advance all.",0,2025-12-17 08:24:01
com.codespaceapps.meetingtranscriber,Smart Noter - AI Note Taker,,Multi Solution For investment & supplies,1,fakke application,0,2025-12-17 01:33:43
com.codespaceapps.meetingtranscriber,Smart Noter - AI Note Taker,,beverly ntumba,5,it's so good I recommend it to everyone,0,2025-12-16 19:45:36
com.codespaceapps.meetingtranscriber,Smart Noter - AI Note Taker,,Max Ranieri,5,Simple. Useful. Powerful.,0,2025-12-16 15:36:50
com.codespaceapps.meetingtranscriber,Smart Noter - AI Note Taker,,noureddine arbaoui,5,super,0,2025-12-16 10:42:08
com.codespaceapps.meetingtranscriber,Smart Noter - AI Note Taker,,Pie Acuna,4,superb🥳 it's help me so much,0,2025-12-16 05:34:46
com.codespaceapps.meetingtranscriber,Smart Noter - AI Note Taker,,Jonathan Etadafienyo,4,is good but you people should try doing it free for us,0,2025-12-15 21:43:20
com.codespaceapps.meetingtranscriber,Smart Noter - AI Note Taker,,Fredzer Joseph,5,nice,0,2025-12-15 16:03:58
com.codespaceapps.meetingtranscriber,Smart Noter - AI Note Taker,,Fred Addison-Ankrah,4,"A standard audio-to-text app that works smoothly. Commendation to the developers. App recommended to all persons in need of good audio-transcribing app. However, there is strong need to add optional modes (dark, colour, etc.) and any other relevant customizations for maintaining the user's health conditions and enhancing their experience using the app.",4,2025-12-14 19:36:31
com.codespaceapps.meetingtranscriber,Smart Noter - AI Note Taker,,miyggan hollyam,3,good,0,2025-12-14 04:37:10
com.codespaceapps.meetingtranscriber,Smart Noter - AI Note Taker,,Oluwaseun Sokeye,5,This app is amazingly detailed. Every point in a 3 hour long meeting was noted and made action point clear.,0,2025-12-13 14:41:52
com.codespaceapps.meetingtranscriber,Smart Noter - AI Note Taker,,Morris Odume,1,not free.,0,2025-12-12 21:49:53
com.codespaceapps.meetingtranscriber,Smart Noter - AI Note Taker,,Mims,3,"Really good, really solid, near perfect level when it comes to transcript and helping create notes from that. So maybe I'm being greedy or ungrateful, but still....$10 a WEEK is beyond awful, and also feels very scummy.",0,2025-12-12 21:43:07
com.codespaceapps.meetingtranscriber,Smart Noter - AI Note Taker,,Donatien yirviel Hien,3,"les deux autres étoiles, avec le temps je reviendrai noter",0,2025-12-12 12:13:05
com.codespaceapps.meetingtranscriber,Smart Noter - AI Note Taker,,Hope charles,5,well,0,2025-12-12 05:05:16
com.codespaceapps.meetingtranscriber,Smart Noter - AI Note Taker,,WaDhit RaThee,5,exciting to new user,0,2025-12-11 22:13:26
notion.id,"Notion: Notes, Tasks, AI",,Kevin Kunath,5,my son turned me on to this app 6 months ago it has become my significant other's ear for my ideas my stories and most of all my memory! AKA to-do lists to tell lists you name it if I need to refer back to it at some point later it doesn't get lost play my memory where did I put that? where did I store that? was it a screenshot? did I text myself? I love it,0,2026-01-06 16:57:35
notion.id,"Notion: Notes, Tasks, AI",,Let's Explore Deen (Ali),5,Ggod 👍,0,2026-01-06 15:22:19
notion.id,"Notion: Notes, Tasks, AI",,Ishna Kumari,5,so nice app if you learnt to use this app nicely then it is really good but if you don't then it is trash for you. And I will like recommend this stuff coz after using this I have been so organized,0,2026-01-06 14:50:33
notion.id,"Notion: Notes, Tasks, AI",,Eko Aji Wahyudin,5,mantap,0,2026-01-06 11:16:39
notion.id,"Notion: Notes, Tasks, AI",,Aaron,5,"Notion in an excellent app to take digital notes in a clean, adjustable, minimal way.",0,2026-01-06 05:38:19
notion.id,"Notion: Notes, Tasks, AI",,Worm,5,Me and my friend have been making a game and this app has helped us to organize some stuff and having ideas is BIG Brain Move,0,2026-01-06 05:37:15
notion.id,"Notion: Notes, Tasks, AI",,Ana Clara viggiano,3,🤔💭❌,0,2026-01-06 05:01:00
notion.id,"Notion: Notes, Tasks, AI",,San Shwe Bo,5,good for me,0,2026-01-06 03:13:03
notion.id,"Notion: Notes, Tasks, AI",,Noons,2,"y'all need to get the keyboards working better on this app. it doesnt matter what I use - ios, android, chrome anything the keyboards suck. makes me feel stupid 90% of the time.",2,2026-01-06 01:14:01
notion.id,"Notion: Notes, Tasks, AI",,Rohit Singh,5,very Useful,0,2026-01-05 21:46:15
notion.id,"Notion: Notes, Tasks, AI",,Felipe Ríos Contesse,3,"Great in theory but very unreliable in practice. Fails a lot, takes ages to load even empty notes. The macOS version works a lot better.",0,2026-01-05 18:48:41
notion.id,"Notion: Notes, Tasks, AI",,Jordan Kosby,1,"absolutelt abysmal. fix your app. none of your updates take. nothing stays in the trash, other people who own the space cant add notes, over half your settings dont work and all i needed to do was have a sharable note pad across devices. not asking a lot until the devs fix this flaming airplane wreck of an app i wouldn't recommend it",0,2026-01-05 18:14:16
notion.id,"Notion: Notes, Tasks, AI",,Mollie may McArdle chryssanthou,5,"I love this app I use for my notes, shifting and many more purposes",0,2026-01-05 14:23:01
notion.id,"Notion: Notes, Tasks, AI",,remus fillis,5,Very good for my personal life note taking needs.,0,2026-01-05 08:42:33
notion.id,"Notion: Notes, Tasks, AI",,Shyam Sundar Marandi,5,Very good to use as a note. It provides us very good templates for use.,0,2026-01-05 07:07:25
notion.id,"Notion: Notes, Tasks, AI",,sir_alfa,5,its the best for taking notes and making plan,0,2026-01-04 22:42:18
notion.id,"Notion: Notes, Tasks, AI",,sntleq,2,"this is getting so annoying to use copying the text is so problematic for such a famous notetaking app i press Select All, it only selects the paragraph — you have to triple tap to select everything the note, ok that's fine ok what about when i want to copy only a portion of my notes? — i cant! when i select text that's longer than my screen, it snaps me back to the start instead of scrolling to let me select up to wherever, wow like cmon, THIS is today's standard?",0,2026-01-04 22:20:24
notion.id,"Notion: Notes, Tasks, AI",,Elena Garrett,5,One of the best tools in my business toolbox.,0,2026-01-04 19:35:04
notion.id,"Notion: Notes, Tasks, AI",,알리킴,5,good,0,2026-01-04 19:18:12
notion.id,"Notion: Notes, Tasks, AI",,A Moose,2,"Can't search within a page on the mobile app. Except for that, I'd give this a 5. I search within pages a lot.",0,2026-01-04 18:28:17
notion.id,"Notion: Notes, Tasks, AI",,Sheyi Ligali,1,error... unable to load my account/workspace,0,2026-01-04 18:06:40
notion.id,"Notion: Notes, Tasks, AI",,Chisom Agu,5,great app,0,2026-01-04 17:14:10
notion.id,"Notion: Notes, Tasks, AI",,Fuad Musa,5,Because it is useful for students and everyone,0,2026-01-04 16:47:10
notion.id,"Notion: Notes, Tasks, AI",,Kashyap Rahul,5,Best App ever the developer peaked here.,0,2026-01-04 16:14:05
notion.id,"Notion: Notes, Tasks, AI",,Aashiq Hossain Arjun,5,It has no better productivity than any other. Its use is unparalleled.,0,2026-01-04 12:08:25
notion.id,"Notion: Notes, Tasks, AI",,arpit pal,3,good,0,2026-01-04 11:43:19
notion.id,"Notion: Notes, Tasks, AI",,abe gashaw,5,Great 👍,0,2026-01-04 09:42:20
notion.id,"Notion: Notes, Tasks, AI",,Abdul-Haseeb Shaklab,5,Great app.,0,2026-01-04 08:34:00
notion.id,"Notion: Notes, Tasks, AI",,Aditya Bathri,4,“Powerful app with many features. Great for organizing ideas and projects.”,0,2026-01-04 07:19:06
notion.id,"Notion: Notes, Tasks, AI",,Punk,3,the ai bubble is a big eye sore,0,2026-01-04 05:35:18
notion.id,"Notion: Notes, Tasks, AI",,FadedOak,4,"really solid notes app, perfect for story writing and keeping track of OC lore and such. my main problem is the fact that it is literally impossible to single space lines on mobile. it double spaces by default and there's no way to have it not do that. also, if you tab out for a second to, say, look something up, when you go back to the app, the keyboard doesn't stay if you had it up, which on its own isn't a huge issue, but it also disables bold, italics, etc if you hadn't started typing yet.",0,2026-01-04 05:23:45
notion.id,"Notion: Notes, Tasks, AI",,Houda Bakiri,5,"if my life was an app it's would be notion , i really can't live a single life without it became a precious space where I organise all aspects of my life from my to do list to my journal entries. I really wanna thank all the notion team who are working hard every day to deliver such a life changing product",0,2026-01-03 21:02:09
notion.id,"Notion: Notes, Tasks, AI",,Aaron Corbin,2,This app seems so slow. driving me nuts.,0,2026-01-03 17:19:36
notion.id,"Notion: Notes, Tasks, AI",,Sushang Li,3,"If this is Mac App Store, I'll give it 5/5. It is so slow against on computer(in some region, to fix that, you need take 10s to turn on the VPN to use), so I got a feeling that don't want to use this mobile app but I have to sometimes. It has no animation, lag on mid-end Android device. You can't insert the second photo sometimes. And there's no way to use custom emoji on mobile. You can't customize the database interface on mobile. You can't sort the properties on mobile.",0,2026-01-03 15:04:57
notion.id,"Notion: Notes, Tasks, AI",,Yugesraj K,5,it's really helpful and thanks for this generous free plans :),0,2026-01-03 13:58:49
notion.id,"Notion: Notes, Tasks, AI",,Ashiru Muhammad Ubah,5,good work,0,2026-01-03 08:57:41
notion.id,"Notion: Notes, Tasks, AI",,Durgesha Bkb,5,super,0,2026-01-03 08:22:13
notion.id,"Notion: Notes, Tasks, AI",,Mahendra Singh,5,this is the best tool for productivity literally I have ended all of my paper work after using notion. it requires time to learn it but u can easily learn it in 1 to 2 weeks. My whole workflow is on notion now best appppppp!!!!,0,2026-01-03 07:18:26
notion.id,"Notion: Notes, Tasks, AI",,Elisa Salazar-MacKenzie,1,"this app is clunky, at best. IDK who at Safeway has stock in this company for suggesting it for the 28 day challenge but it doesn't work, keeps crashing, and you can't use it unless you're at default zoom so it's disgustingly inaccessible",0,2026-01-03 06:29:29
notion.id,"Notion: Notes, Tasks, AI",,3patti 3,5,Nice,0,2026-01-03 04:58:11
notion.id,"Notion: Notes, Tasks, AI",,Andy “Maj” Maj,5,easy to use,0,2026-01-03 04:22:07
notion.id,"Notion: Notes, Tasks, AI",,Steven Cole,5,Absolutely love it,0,2026-01-03 02:45:57
notion.id,"Notion: Notes, Tasks, AI",,Mohamed Abdelhamed,5,the best app to change your life,0,2026-01-03 00:21:56
notion.id,"Notion: Notes, Tasks, AI",,Stephan Buckley,2,amazing set of features.... unfortunately that's to it's detriment for me. Creating and organizing what is supposed to be a quick note or list feels like I'm starting an intricate coding project to revamp my entire life. I imagine type A folk will LOVE this.,0,2026-01-02 23:40:32
notion.id,"Notion: Notes, Tasks, AI",,Vaishnavi Karpe,1,Good for everything but not for AI It does not give you unlimited access to AI without paying for subscription,0,2026-01-02 10:34:11
notion.id,"Notion: Notes, Tasks, AI",,md tuhin hossen,5,Nice,0,2026-01-02 09:59:29
notion.id,"Notion: Notes, Tasks, AI",,Ahmed,5,So far best app. I didnt know these types of apps exist.Its a 10 out of 10,0,2026-01-02 08:44:48
notion.id,"Notion: Notes, Tasks, AI",,Jyothisankar R,5,Awesome App. This is my second brain now.,0,2026-01-02 07:37:56
notion.id,"Notion: Notes, Tasks, AI",,Jees Bigkman,5,thank you 😊💕,0,2026-01-02 04:41:28
notion.id,"Notion: Notes, Tasks, AI",,Teri Speelman,5,"It's a really good app! I love it. It helps keep me organized with my writing and my schoolwork. Everything I need is free, so I have no complaints about any potential Paywalls. 10/10 Highschooler approved.",0,2026-01-02 03:32:09
ai.turbolearn,Turbo AI - Notetaker,,Divya Singh,5,good,0,2026-01-06 17:29:30
ai.turbolearn,Turbo AI - Notetaker,,Princess - Dida,5,they welcomed me so nice and I think I will get the highest marks,0,2026-01-06 17:11:53
ai.turbolearn,Turbo AI - Notetaker,,Rekha Devi,5,Perfect ✨🎀,0,2026-01-06 17:11:11
ai.turbolearn,Turbo AI - Notetaker,,Janya,5,Good,0,2026-01-06 17:08:53
ai.turbolearn,Turbo AI - Notetaker,,Gopotze Mekgoe . Mekgoe,5,it is growing to help me wthi Exams,0,2026-01-06 16:52:46
ai.turbolearn,Turbo AI - Notetaker,,Shridhar Jeyasangar,5,nice,0,2026-01-06 16:51:02
ai.turbolearn,Turbo AI - Notetaker,,Neeraj Kumari,5,very good,0,2026-01-06 16:42:23
ai.turbolearn,Turbo AI - Notetaker,,Amir Cheloei,5,Im better at math now,0,2026-01-06 16:40:13
ai.turbolearn,Turbo AI - Notetaker,,Gurleen Kaur,1,but why is it not free,0,2026-01-06 16:31:15
ai.turbolearn,Turbo AI - Notetaker,,Mb Bb,5,best learning app,0,2026-01-06 16:29:22
ai.turbolearn,Turbo AI - Notetaker,,JOSHUA KWASI,5,I love this it helps me to study,0,2026-01-06 16:28:06
ai.turbolearn,Turbo AI - Notetaker,,Дамян Камбов,5,hell yeah helped me alot,0,2026-01-06 16:26:04
ai.turbolearn,Turbo AI - Notetaker,,Suresh Limbu,5,so good it really explain everything better it improve my gpa,0,2026-01-06 16:16:42
ai.turbolearn,Turbo AI - Notetaker,,Miro Mohey,5,PERFECT,0,2026-01-06 16:14:32
ai.turbolearn,Turbo AI - Notetaker,,Kim Ems,5,It really helps me alot whenever i need notes for my exam or quiz!,0,2026-01-06 16:00:17
ai.turbolearn,Turbo AI - Notetaker,,Mykedz D,4,I still haven't really used it but it seems understandable,0,2026-01-06 15:27:27
ai.turbolearn,Turbo AI - Notetaker,,Destiny Faraday,5,it's really amazing it has helped me thus far,0,2026-01-06 15:25:05
ai.turbolearn,Turbo AI - Notetaker,,anil kumar Shukla,4,it's very good app to study and it helped me so much,0,2026-01-06 15:11:56
ai.turbolearn,Turbo AI - Notetaker,,Aisha Mandal,5,best,0,2026-01-06 15:07:05
ai.turbolearn,Turbo AI - Notetaker,,Punam Kumari,5,this app teaches better than your school teacher's,0,2026-01-06 15:04:28
ai.turbolearn,Turbo AI - Notetaker,,Yashraj Banjara,5,very helpful to make notes,0,2026-01-06 14:58:05
ai.turbolearn,Turbo AI - Notetaker,,Quennie Date,5,it's pretty convenient,0,2026-01-06 14:52:57
ai.turbolearn,Turbo AI - Notetaker,,Gopika P,4,everything is good but I would like to take notes in tamil,0,2026-01-06 14:38:11
ai.turbolearn,Turbo AI - Notetaker,,Adhiban P,4,everything is good but I like to take notes in tamil,0,2026-01-06 14:36:54
ai.turbolearn,Turbo AI - Notetaker,,Ryuta,5,"the trial is amazing, I was shock at first that I need to listen to biology class, but the note given is quite simple and easy to remember. great app",0,2026-01-06 14:25:56
ai.turbolearn,Turbo AI - Notetaker,,Nora Eclipse,5,I used to be a very bad studier but when turbo is near me I don't need to worry,0,2026-01-06 14:15:36
ai.turbolearn,Turbo AI - Notetaker,,Aleena Jenny,5,amazing app,0,2026-01-06 14:06:36
ai.turbolearn,Turbo AI - Notetaker,,Khusi Tamang,4,so good,0,2026-01-06 13:41:10
ai.turbolearn,Turbo AI - Notetaker,,Chipo Nsiku,4,great,0,2026-01-06 13:28:49
ai.turbolearn,Turbo AI - Notetaker,,Smarker,1,very Terrible app,0,2026-01-06 13:02:16
ai.turbolearn,Turbo AI - Notetaker,,Lupna,5,this so good,0,2026-01-06 12:04:18
ai.turbolearn,Turbo AI - Notetaker,,Prosper John,5,still on it but I am sure its going to be helpful,0,2026-01-06 11:51:35
ai.turbolearn,Turbo AI - Notetaker,,Jannah Tolenada,5,best for when your late for studying,0,2026-01-06 11:51:18
ai.turbolearn,Turbo AI - Notetaker,,Tina Bernal Mimay,5,this made me focus on my studies,0,2026-01-06 11:45:36
ai.turbolearn,Turbo AI - Notetaker,,Arslan Candic,4,"It's very helpful but one small problem and I don't know if it's a glitch or my phone. I tried uploading a file (even if it says JPK or DOCX), but it doesn't work so I had only one option to copy the link from YouTube.",0,2026-01-06 09:57:08
ai.turbolearn,Turbo AI - Notetaker,,Tanatswa Bisenti,5,great app,0,2026-01-06 08:34:36
ai.turbolearn,Turbo AI - Notetaker,,Grayleigh,5,turbo really helps,0,2026-01-06 08:24:14
ai.turbolearn,Turbo AI - Notetaker,,Ephraim Hopkins Addo-kusi,4,it's really helpful when it comes to studies. Helps to cover large notes within a short time with pop quizzes,0,2026-01-06 07:58:01
ai.turbolearn,Turbo AI - Notetaker,,Prakash Singh,5,wonderful,0,2026-01-06 07:06:58
ai.turbolearn,Turbo AI - Notetaker,,Michelle Nicol,5,this app is amazing,0,2026-01-06 06:36:45
ai.turbolearn,Turbo AI - Notetaker,,Ojedele Taiwo,5,I want to be successful in my academics,0,2026-01-06 06:26:16
ai.turbolearn,Turbo AI - Notetaker,,Natalie Zavala,5,Very fascinating and helps with education!,0,2026-01-06 05:42:03
ai.turbolearn,Turbo AI - Notetaker,,Aakriti Panjiyara,4,good,0,2026-01-06 04:49:18
ai.turbolearn,Turbo AI - Notetaker,,Vijay Shelke,5,Best,0,2026-01-06 04:26:04
ai.turbolearn,Turbo AI - Notetaker,,Huzaifa Nesar,5,perfect,0,2026-01-06 04:23:16
ai.turbolearn,Turbo AI - Notetaker,,Elesi Qalikaitoga,2,is it only for the science student I don't know cos it's confusing,0,2026-01-06 04:17:52
ai.turbolearn,Turbo AI - Notetaker,,Ramiro Estrada,5,best for studies,0,2026-01-06 04:17:18
ai.turbolearn,Turbo AI - Notetaker,,Corin,1,I love it!,0,2026-01-06 04:16:00
ai.turbolearn,Turbo AI - Notetaker,,Dylan Terman,4,Great stuff,0,2026-01-06 03:45:42
ai.turbolearn,Turbo AI - Notetaker,,Mpho Simelane,5,clean professional 👌,0,2026-01-06 03:38:08
io.labhouse.audioapp,Summary - AI Note Taker,,Shah Abid,1,good,0,2026-01-06 11:06:08
io.labhouse.audioapp,Summary - AI Note Taker,,remmy katuta,5,very fast and reliable,0,2026-01-06 09:30:46
io.labhouse.audioapp,Summary - AI Note Taker,,Jun Acosta,5,Great app,0,2026-01-06 06:01:57
io.labhouse.audioapp,Summary - AI Note Taker,,Venise Ledford,5,awesome,0,2026-01-06 02:22:05
io.labhouse.audioapp,Summary - AI Note Taker,,Alton Hall,5,I look forward to having proof now!,0,2026-01-05 23:42:24
io.labhouse.audioapp,Summary - AI Note Taker,,Israel Onobun,5,very great app. very easy to use,0,2026-01-05 19:55:45
io.labhouse.audioapp,Summary - AI Note Taker,,Mohammedali Vakil,5,"The best feature of this app is that it has no preset limitations with respect to the number of words like eg 10000 words only in the audio recording. However there should be a feature of YouTube summary, and to copy paste the summary and transcription into other apps",0,2026-01-05 17:40:58
io.labhouse.audioapp,Summary - AI Note Taker,,Christy Griffith,1,worst transcription ever. not even close,0,2026-01-05 16:02:36
io.labhouse.audioapp,Summary - AI Note Taker,,claris okonji,5,easy to sign in,0,2026-01-05 11:23:48
io.labhouse.audioapp,Summary - AI Note Taker,,emmanuel eshiet,5,good,0,2026-01-05 08:42:02
io.labhouse.audioapp,Summary - AI Note Taker,,Amit Ranjan,1,worst,0,2026-01-05 05:43:14
io.labhouse.audioapp,Summary - AI Note Taker,,Angela Suttle-Taylor,5,IT'S A GAME CHANGER,0,2026-01-05 05:04:30
io.labhouse.audioapp,Summary - AI Note Taker,,Rafael Avila,5,Help me with my meetings. Great meeting companion!,0,2026-01-05 04:22:41
io.labhouse.audioapp,Summary - AI Note Taker,,Mohd Awie,5,very simple good,0,2026-01-05 01:24:11
io.labhouse.audioapp,Summary - AI Note Taker,,Martha Bramlet,5,"So far, I love it. I like the way it summarizes the recording",0,2026-01-04 23:16:52
io.labhouse.audioapp,Summary - AI Note Taker,,Oluwatosin Bejide,5,Great and amazing app,0,2026-01-04 21:12:23
io.labhouse.audioapp,Summary - AI Note Taker,,Marcel Farrish,5,good 👍,0,2026-01-04 16:37:53
io.labhouse.audioapp,Summary - AI Note Taker,,peter musa,5,Amazing Tool for learners,0,2026-01-04 08:54:34
io.labhouse.audioapp,Summary - AI Note Taker,,Laszlo Live life,4,work well like it,0,2026-01-04 05:43:14
io.labhouse.audioapp,Summary - AI Note Taker,,bernice,5,good 👍,0,2026-01-03 19:22:27
io.labhouse.audioapp,Summary - AI Note Taker,,Roginah Dawson,5,this form of action is so great I wish I have known about this service,0,2026-01-03 18:00:06
io.labhouse.audioapp,Summary - AI Note Taker,,Josh Rasmussen,5,so far so good,0,2026-01-03 17:56:22
io.labhouse.audioapp,Summary - AI Note Taker,,DE-S1-162-parwana Mohammadi,4,خیلی یک برنامه عالی است,0,2026-01-03 17:21:35
io.labhouse.audioapp,Summary - AI Note Taker,,Wung Hunglo,5,Hype!!!,0,2026-01-03 13:18:07
io.labhouse.audioapp,Summary - AI Note Taker,,Thamim Ansari,3,good,0,2026-01-03 07:48:03
io.labhouse.audioapp,Summary - AI Note Taker,,Islamic Atv,4,good 👍,0,2026-01-03 03:02:02
io.labhouse.audioapp,Summary - AI Note Taker,,Scorpion King,5,Awesome,0,2026-01-02 20:56:56
io.labhouse.audioapp,Summary - AI Note Taker,,Aishat Yunusa Jamiu-Bolaji,5,"I enjoyed every bit, I would not mind subscribing for the pro version if or when I have money",0,2026-01-02 16:17:14
io.labhouse.audioapp,Summary - AI Note Taker,,Kurt Post,1,to expensive,0,2026-01-02 14:48:31
io.labhouse.audioapp,Summary - AI Note Taker,,moses sello malokganye,5,nice job,0,2026-01-02 14:20:19
io.labhouse.audioapp,Summary - AI Note Taker,,Salah “Ti Ah” Hamid,5,fantastic up,0,2026-01-02 10:29:33
io.labhouse.audioapp,Summary - AI Note Taker,,Desire Mkandawire,5,Good app,0,2026-01-02 10:23:37
io.labhouse.audioapp,Summary - AI Note Taker,,Jay Naviza,5,very nice app,0,2026-01-02 04:10:51
io.labhouse.audioapp,Summary - AI Note Taker,,Ahsan Ali,3,good,0,2026-01-01 19:12:04
io.labhouse.audioapp,Summary - AI Note Taker,,Ivy,5,love it,0,2026-01-01 13:37:20
io.labhouse.audioapp,Summary - AI Note Taker,,shikha tripathi,5,nice,0,2026-01-01 12:30:16
io.labhouse.audioapp,Summary - AI Note Taker,,Alain ANAGO,2,let me try,0,2026-01-01 07:44:18
io.labhouse.audioapp,Summary - AI Note Taker,,Alvin Aguirre,5,let me try,0,2026-01-01 01:38:45
io.labhouse.audioapp,Summary - AI Note Taker,,Cannias Mlambo,5,good,0,2026-01-01 01:07:24
io.labhouse.audioapp,Summary - AI Note Taker,,Ric Lopez,5,👍,0,2026-01-01 00:41:38
io.labhouse.audioapp,Summary - AI Note Taker,,Tiana Ponce,5,awesome app!!!!,0,2025-12-31 20:39:19
io.labhouse.audioapp,Summary - AI Note Taker,,Monday Iyoha,5,it is very good 👍,0,2025-12-31 20:38:11
io.labhouse.audioapp,Summary - AI Note Taker,,cas ggy,5,great nice,0,2025-12-31 19:05:22
io.labhouse.audioapp,Summary - AI Note Taker,,Khizar Ansar Shaikh,5,wow amazing,0,2025-12-31 18:21:58
io.labhouse.audioapp,Summary - AI Note Taker,,Constatines Lemiraa,5,"best in note taking , i rank 100 %",0,2025-12-31 16:14:42
io.labhouse.audioapp,Summary - AI Note Taker,,JU Goh,4,"Wonderful, helps a lot!",0,2025-12-31 09:41:18
io.labhouse.audioapp,Summary - AI Note Taker,,Ajmal Parsa,5,good 👍,0,2025-12-31 07:39:35
io.labhouse.audioapp,Summary - AI Note Taker,,Jackie O,1,"if I could do 0 I would, I decided to try out this app to see if I wanted to sign up use the recording and I have yet to receive my recording its been 10 hours already. I contacted support received a generic AI response & the issue has not been fixed.",0,2025-12-31 03:25:08
io.labhouse.audioapp,Summary - AI Note Taker,,Ruth Pepalgo,5,good reviews,0,2025-12-31 00:59:07
io.labhouse.audioapp,Summary - AI Note Taker,,Frank Jugo,1,Terrible Customer Service!!! Maria from customer does not help. She will ask you the same question over & over again each day and not help you. Do not buy this app.,0,2025-12-30 22:56:12
com.google.android.apps.labs.language.tailwind,Google NotebookLM,,Altaf Tantray,5,The best app for knowledge lovers.......... Very very thankful to you the team of developers of this twinkling jewel.......,0,2026-01-06 16:29:25
com.google.android.apps.labs.language.tailwind,Google NotebookLM,,Vikrant Shukla,5,great app but I think you can do a little better in audio overview in different languages it's too concise,0,2026-01-06 15:29:24
com.google.android.apps.labs.language.tailwind,Google NotebookLM,,Baked Potato,5,Very good software. Extremely helpful and reliable. Especially if you need to understand the whole topics night before the exam😅,0,2026-01-06 14:35:14
com.google.android.apps.labs.language.tailwind,Google NotebookLM,,Chathurna Arunodha,5,This is one of the greatest apps a student could ever have.,0,2026-01-06 14:21:46
com.google.android.apps.labs.language.tailwind,Google NotebookLM,,Arthur Destiny,5,I love it,0,2026-01-06 14:04:24
com.google.android.apps.labs.language.tailwind,Google NotebookLM,,Pavan Sonavane,3,awesome,0,2026-01-06 13:17:41
com.google.android.apps.labs.language.tailwind,Google NotebookLM,,Shobharajsinh Parmar,5,good,0,2026-01-06 12:43:16
com.google.android.apps.labs.language.tailwind,Google NotebookLM,,Easy Life,5,very good❤ app,0,2026-01-06 12:35:09
com.google.android.apps.labs.language.tailwind,Google NotebookLM,,Shahzaib,5,"As a 10th-grade student, I wanted to say that NotebookLM has been an incredible tool for my studies. It helps me stay organized and makes understanding difficult subjects so much easier. It’s honestly a game-changer for my schoolwork, and I’m giving it a 5-star rating for how much it has helped me succeed. Keep up the great work!",0,2026-01-06 12:10:20
com.google.android.apps.labs.language.tailwind,Google NotebookLM,,A B,1,Audio download button doesn't let me save the file. The video overview feature is missing altogether. It's an utterly half-baked app. Negative stars.,1,2026-01-06 11:50:08
com.google.android.apps.labs.language.tailwind,Google NotebookLM,,Husain Kayd,5,"greatest app for education, thanks google",0,2026-01-06 11:39:05
com.google.android.apps.labs.language.tailwind,Google NotebookLM,,Msimanga Graham,5,"great app,makes staying easy and exiting,and fun to do.",0,2026-01-06 11:27:27
com.google.android.apps.labs.language.tailwind,Google NotebookLM,,Mrinmoy Ghosh,5,best help app 😘,0,2026-01-06 10:41:20
com.google.android.apps.labs.language.tailwind,Google NotebookLM,,Anirban Ghosh,2,All of a sudden the app is crashing each time I try to listen,0,2026-01-06 10:34:00
com.google.android.apps.labs.language.tailwind,Google NotebookLM,,Hafseerh Ilyas,5,love it ❤️,0,2026-01-06 10:16:11
com.google.android.apps.labs.language.tailwind,Google NotebookLM,,joseph charles,5,excellent,0,2026-01-06 09:47:59
com.google.android.apps.labs.language.tailwind,Google NotebookLM,,ナドゥンディ二ンドゥ,5,great,0,2026-01-06 09:40:36
com.google.android.apps.labs.language.tailwind,Google NotebookLM,,Gautam Sharma,1,The previous version had far better analysis of the Mindmap of any topic.,0,2026-01-06 08:38:52
com.google.android.apps.labs.language.tailwind,Google NotebookLM,,Krishna Yadav,5,not slide deck work,0,2026-01-06 07:47:39
com.google.android.apps.labs.language.tailwind,Google NotebookLM,,Luqman,5,best,0,2026-01-06 05:30:45
com.google.android.apps.labs.language.tailwind,Google NotebookLM,,Alex Tudor,5,Great application for many use cases.,0,2026-01-06 04:42:04
com.google.android.apps.labs.language.tailwind,Google NotebookLM,,sami almazhani,5,افضل اداة للمذاكرة سواءً كنت طالب بالمدرسة او كالب بالجامعة او حتا تحظر ماجستير او دكتوراة شكراً Google لتقديمكم لهاذي الاداة الجبارة🥰🥰🥰,0,2026-01-06 02:43:27
com.google.android.apps.labs.language.tailwind,Google NotebookLM,,Khusyi Mohamed,4,it make my study session much more easier and it can make my note more fuller...but i wish there is gemini side or like personal ai assistant so i can ask any answer because it only answer my question by using my information and you can link youtube to be there so i can watch youtube and gemini in the same app so i don't need to switch between app......PLEASE GOOGLE NOTICE MY REVIEW,0,2026-01-06 02:28:59
com.google.android.apps.labs.language.tailwind,Google NotebookLM,,william wright,5,👍 great,0,2026-01-06 02:17:05
com.google.android.apps.labs.language.tailwind,Google NotebookLM,,Radhe Vaishnav,5,Best app for Learning and make teching material,0,2026-01-06 02:05:58
com.google.android.apps.labs.language.tailwind,Google NotebookLM,,racha ha,5,Perfect it helps me a looot!!!!! Thank youuuu,0,2026-01-06 01:06:30
com.google.android.apps.labs.language.tailwind,Google NotebookLM,,Mario Tomas Marrero Jr.,5,"I love this apps a lot , keep up good work keep up new updates the apps I love it God bless you",0,2026-01-06 01:01:20
com.google.android.apps.labs.language.tailwind,Google NotebookLM,,ou ra,5,"this app is another level of AI and education , this is a revolution ❤️❤️❤️",0,2026-01-06 00:41:53
com.google.android.apps.labs.language.tailwind,Google NotebookLM,,Michael Clark,5,Occasionally Google accidentally does something that's not damaging to humanity. This is one of those things. This is actually very effective teaching technology and my new favorite way to learn things.,0,2026-01-05 23:18:03
com.google.android.apps.labs.language.tailwind,Google NotebookLM,,abdel ifrane,4,good,0,2026-01-05 20:11:59
com.google.android.apps.labs.language.tailwind,Google NotebookLM,,Liam Clever,4,doesn't render raw latex in the chat on mobile app. i would have to copy output everytime and tell gemini to reoutput it,0,2026-01-05 20:05:04
com.google.android.apps.labs.language.tailwind,Google NotebookLM,,Coastal Warriors Swimming,5,this AI is so good,0,2026-01-05 19:26:07
com.google.android.apps.labs.language.tailwind,Google NotebookLM,,Jonu Dslugo,5,Very good so far. A few quirks here and there but could get better (doesn't save audio to phone++),0,2026-01-05 19:00:09
com.google.android.apps.labs.language.tailwind,Google NotebookLM,,Vundurthi Abhiroop,4,super explanation but not better than chatgpt,0,2026-01-05 18:28:43
com.google.android.apps.labs.language.tailwind,Google NotebookLM,,Tom Martinek,5,"Great app, when it finally became somewhat integrated with Gemini it helps a lot with learning.",0,2026-01-05 18:10:18
com.google.android.apps.labs.language.tailwind,Google NotebookLM,,AV Creations,5,good application,0,2026-01-05 18:09:47
com.google.android.apps.labs.language.tailwind,Google NotebookLM,,Santhosh Kumar,5,Very Powerful tool from Google. highly recommended.,0,2026-01-05 17:31:40
com.google.android.apps.labs.language.tailwind,Google NotebookLM,,Ko Ye Artist,5,good,0,2026-01-05 17:08:12
com.google.android.apps.labs.language.tailwind,Google NotebookLM,,anoop puthuvayil,5,give option for giving chain prompt and reorganised output.. Give your outputs in an editable format. It will make notebook LM. More. Useful,0,2026-01-05 16:35:15
com.google.android.apps.labs.language.tailwind,Google NotebookLM,,Abril Restrepo López,5,this is the best thinks that's ever happened to my student life 😄🤩,0,2026-01-05 15:43:59
com.google.android.apps.labs.language.tailwind,Google NotebookLM,,Vaishali Pathak,1,excellent,0,2026-01-05 15:43:53
com.google.android.apps.labs.language.tailwind,Google NotebookLM,,Ari Arsalan,5,یەکێک لەباشترین زیرەکی دەستکردەکان بۆ خوێندن دەست خۆش,0,2026-01-05 15:41:00
com.google.android.apps.labs.language.tailwind,Google NotebookLM,,Dilan Weerasekara,4,don't allow to see my personal information,0,2026-01-05 14:47:33
com.google.android.apps.labs.language.tailwind,Google NotebookLM,,Hussain,5,great! i wish it sticks to the sources more but it's fine.,0,2026-01-05 13:49:01
com.google.android.apps.labs.language.tailwind,Google NotebookLM,,Aman,5,i hope it stays free to use and effective like this too i really find this helpfull for students,0,2026-01-05 12:25:55
com.google.android.apps.labs.language.tailwind,Google NotebookLM,,Ήλιος,4,best note taking app on play Store. it needs features update like the ability to answer more questions not limited to 5-6 definitions,0,2026-01-05 12:04:01
com.google.android.apps.labs.language.tailwind,Google NotebookLM,,Niluka Wilashinie,5,super,0,2026-01-05 10:48:31
com.google.android.apps.labs.language.tailwind,Google NotebookLM,,Husen Tablet,5,"very good, helps me to understand something very fast",0,2026-01-05 10:27:58
com.google.android.apps.labs.language.tailwind,Google NotebookLM,,Asmaa H D Elbedri,4,"the app is sooo perfect for me specially for studying.. just have a little problem that I only can choose a pdf type file .. pls add another files types like ppt,pptx it's so exhausting that I had to convert my ppt to pdf so I can use the app 💔😓😓",0,2026-01-05 09:36:35
com.google.android.apps.labs.language.tailwind,Google NotebookLM,,Karl Reay,5,loving it more and more,0,2026-01-05 08:02:20
com.microsoft.office.onenote,Microsoft OneNote: Save Notes,,Elizabeth Childs,3,"I liked this app at first, but not since the update. I have no idea to use it anymore. Where are the notebooks I made? How do I make a note?",0,2026-01-06 16:39:49
com.microsoft.office.onenote,Microsoft OneNote: Save Notes,,PUbr Var,1,"when we insert a box or drawing n press enter to move everything down, the text moves down but the drawings and shapes created do not...that's really bad....can't even copy n paste it properly.",0,2026-01-06 16:36:20
com.microsoft.office.onenote,Microsoft OneNote: Save Notes,,Temesgen Oluma,5,excellent,0,2026-01-06 16:34:47
com.microsoft.office.onenote,Microsoft OneNote: Save Notes,,Rob Jeffery,5,latest update extremely helpful and efficient,0,2026-01-06 12:45:04
com.microsoft.office.onenote,Microsoft OneNote: Save Notes,,Nipesh Rout,3,Onenote (Android version) is providing very very less features. Please make it more productive as like as Desktop version.,0,2026-01-06 12:36:14
com.microsoft.office.onenote,Microsoft OneNote: Save Notes,,M.A.D Cool,3,"This makes me sad. I don't know why I can't log in to my old google account that option is always there. It doesn't sync. when I sign my gmail, it suddenly creates a new Microsoft account. Where is my old account, sync? It's sad because I do a lot of work and all now gone. Did you guys remove the option continue with google? I don't know what to do now... This really sad. I also think someone stole my account and I don't know how can you help to bring my account back",0,2026-01-06 12:30:00
com.microsoft.office.onenote,Microsoft OneNote: Save Notes,,W-0803,1,"Signed out almost everyday: ""Working offline. Sign in to sync your notes.""",0,2026-01-06 11:06:40
com.microsoft.office.onenote,Microsoft OneNote: Save Notes,,Thom Ashworth,1,This app is absolute toilet. I only use it because the alternatives are worse. Repeated conflicting versions of notes despite never opening them on another device. Text formatting is bananas. Still terrible after countless updates.,29,2026-01-06 10:17:09
com.microsoft.office.onenote,Microsoft OneNote: Save Notes,,Minhaz Mahmud,5,Great!,0,2026-01-06 10:07:56
com.microsoft.office.onenote,Microsoft OneNote: Save Notes,,David Peshkin,5,Truly excellent free app.,0,2026-01-06 08:53:29
com.microsoft.office.onenote,Microsoft OneNote: Save Notes,,Grace Yeboah Gyamfuaa,4,Good for taking notes a lot. Thank you,0,2026-01-06 01:33:17
com.microsoft.office.onenote,Microsoft OneNote: Save Notes,,Harry Ferdiansyah,4,"Really, this is a great place to pour all your activities. You need to understand how it works to get the real juice of OneNote (for me, I need more than one year. This is why I gave 4 stars, my initial experience: not an intuitive notebook apps). Hope it stays free and please no AI gimmick. just Let us have a good ordinary digital notebook",0,2026-01-05 23:37:42
com.microsoft.office.onenote,Microsoft OneNote: Save Notes,,Indianazeem1989 Azeem,4,please add again the pics crop option please please...... new update removed this option so that I'm facing tooo much problem,0,2026-01-05 21:29:50
com.microsoft.office.onenote,Microsoft OneNote: Save Notes,,Adithya Nath,5,"useful, productive app",0,2026-01-05 20:35:29
com.microsoft.office.onenote,Microsoft OneNote: Save Notes,,ANITA UGOCHI,4,"This is a great app, but it would be more enjoyable if more tools like the spotlight tool are included",0,2026-01-05 20:31:09
com.microsoft.office.onenote,Microsoft OneNote: Save Notes,,Nomsa Jafta,4,"it's a good app but when I recently reinstalled it I was having trouble signing back into my account,it kept giving codes for me to verify which I did verify but it would unnecessarily give me more times to verify my account,I had to verify my account at least ten times and I still haven't gotten into my account.I really want to know what's going on thank you🙏🏾",0,2026-01-05 17:59:13
com.microsoft.office.onenote,Microsoft OneNote: Save Notes,,Rohit Kushwaha,5,Very useful.,0,2026-01-05 17:54:10
com.microsoft.office.onenote,Microsoft OneNote: Save Notes,,Mahesh Jawale,5,Brilliant App! Need some improvement in the app for image editing but overall 10/10 :>,0,2026-01-05 17:47:09
com.microsoft.office.onenote,Microsoft OneNote: Save Notes,,Ancy K Kuriakose,1,not able to open my notes in my new mobile.zuseless,0,2026-01-05 17:23:19
com.microsoft.office.onenote,Microsoft OneNote: Save Notes,,Matthew P,1,its not working. I can't see half of my poges when I try and open them even though I can see them on desktop and other devices. there's no point rating features when the experience is so poor,0,2026-01-05 16:15:35
com.microsoft.office.onenote,Microsoft OneNote: Save Notes,,Cheth Keath,5,Good,0,2026-01-05 15:35:33
com.microsoft.office.onenote,Microsoft OneNote: Save Notes,,EVAD BLOK,1,"OneNote used to be fine and then some idiots seriously broke it on the Android and it just keeps getting worse. Sync is broken, they removed manual sync, they removed paragraph collapse/expand. Doesn't paste well with Word...",1,2026-01-05 13:47:40
com.microsoft.office.onenote,Microsoft OneNote: Save Notes,,Mwiila Mahli,5,I've had a lovely experience,0,2026-01-05 13:35:40
com.microsoft.office.onenote,Microsoft OneNote: Save Notes,,Gideon Baskoroadi,1,"OneNote new look seems great at first, but when I tried to sort the notes by modified date, it fails to display the correct order. Another problem, the page margin is too narrow. In my phone, on the right side seems there is still a lot of space (about 25% of the page), but the text can't nowhere fill close to the border.",1,2026-01-05 09:50:36
com.microsoft.office.onenote,Microsoft OneNote: Save Notes,,Hossein Shabani,5,ok,0,2026-01-05 08:06:06
com.microsoft.office.onenote,Microsoft OneNote: Save Notes,,chris scott,5,For free personal use cross platform I am very happy thsnks,0,2026-01-05 07:15:40
com.microsoft.office.onenote,Microsoft OneNote: Save Notes,,Rajasrinivas M,4,"This is an edit to my initial review 2 years ago. Search by embedded date feature is still not implemented which would have been really useful. Another useful feature is the ability to lock notebooks in addition to sheets. I dont think above features are very difficult to implement or unnecessary. Otherwise, its a very useful and sleek app.",6,2026-01-05 06:56:26
com.microsoft.office.onenote,Microsoft OneNote: Save Notes,,Preeti Dabas,3,It's easy to use for me,0,2026-01-05 06:44:47
com.microsoft.office.onenote,Microsoft OneNote: Save Notes,,Aliyah,4,I hope it has a feature to change handwritten into typed words,0,2026-01-05 05:58:22
com.microsoft.office.onenote,Microsoft OneNote: Save Notes,,GearMesh DatsunVents,1,This new app opens now and immediately closes. can't see my note no more. good grief Microsoft.,0,2026-01-05 03:27:08
com.microsoft.office.onenote,Microsoft OneNote: Save Notes,,SANGAM GUPTA,5,Exceptional 👍,0,2026-01-05 01:45:21
com.microsoft.office.onenote,Microsoft OneNote: Save Notes,,Russell Dowman,5,one note is easily the best Note taking app. syncs with windows on all devices. blindin'.,0,2026-01-04 21:36:30
com.microsoft.office.onenote,Microsoft OneNote: Save Notes,,Diablo Obsidian,5,"excellent notebook, you can login and save all you stuff and you can make more than one account. You have all the customization features, change you font, create folders, change colors (this is big for me.) Write via voice, draw, type, import photos, you can create tables.. you can just a voice recording in, you can search, change font midway, share stuff easily, change the color midway.. you can highlight stuff easily. I would highly recommend this",0,2026-01-04 19:56:04
com.microsoft.office.onenote,Microsoft OneNote: Save Notes,,Isaiah kinchen (Soul Evans),1,"Never updates titles. Still showing year + old titles. Randomly decides it wants to desync, despite having background & data perms, and it's always nothing. Literally not even a missing/extra word or letter, but it'll claim there's page conflicts. Been broken for years. Microslop at their peak.",0,2026-01-04 18:42:54
com.microsoft.office.onenote,Microsoft OneNote: Save Notes,,Aryan Gupta,5,a linux port would be heavily appreciated,0,2026-01-04 18:26:52
com.microsoft.office.onenote,Microsoft OneNote: Save Notes,,2134 Sainath Khandare,5,excellent 👍🏻💯,0,2026-01-04 16:04:10
com.microsoft.office.onenote,Microsoft OneNote: Save Notes,,Ahmad Alsakka,1,"Bad for PDF on android , when adding a pdf on android its pixelated unlike pc , macand ipad . it is a very basic thing idk why ms is not fixing it",0,2026-01-04 16:02:30
com.microsoft.office.onenote,Microsoft OneNote: Save Notes,,Shloak Sansare,5,"Best notes taking app, with sync and core features, and no ads, but it misses some features like, more shape options, custom stylus button action, erase all, etc",0,2026-01-04 13:29:25
com.microsoft.office.onenote,Microsoft OneNote: Save Notes,,Muhammad Mahmood Akhter,5,This application is very amazing. I really appreciate your great efforts.,0,2026-01-04 11:59:57
com.microsoft.office.onenote,Microsoft OneNote: Save Notes,,Deborah Sondang,5,its really usefull,0,2026-01-04 11:49:34
com.microsoft.office.onenote,Microsoft OneNote: Save Notes,,Laura Kronsberg,4,"I think this will be extremely helpful when I understand how to use it. I have a variety of things to organize, and just need to acclimate to the possibilities.",0,2026-01-04 08:02:28
com.microsoft.office.onenote,Microsoft OneNote: Save Notes,,Nicole F,4,"My favorite features in the app are the ability to pin and see sticky notes, still getting used to navigating. Works well enough for me to see the notes I've taken on my laptop and add new ones.",0,2026-01-04 04:43:29
com.microsoft.office.onenote,Microsoft OneNote: Save Notes,,Parnanetra,5,Good and Useful,0,2026-01-04 03:24:08
com.microsoft.office.onenote,Microsoft OneNote: Save Notes,,Mella,3,"OneNote gets the job done, but the friction is real. It's needlessly infuriating to organize. You can’t manage subsections properly: new ones attach to the last section only, and the only workaround is dragging the entire section to the bottom first. You also can’t delete notebooks in-app (must use OneDrive). Fonts and formatting are limited, and mobile/desktop/web are wildly inconsistent (web is worst). Powerful and stubborn - doesn’t trust users to organize their own information.",0,2026-01-04 03:03:10
com.microsoft.office.onenote,Microsoft OneNote: Save Notes,,seeva n,3,may be if it comes with table - it is good...if the side menu suto slides feel better...,0,2026-01-04 01:17:45
com.microsoft.office.onenote,Microsoft OneNote: Save Notes,,James Brown,1,it's been my go to note recorder for years. I've had to reduce it to 1 star now. I switched phones. and NONE of my old notes on the other phone will sync. won't even sync to my computer. just get vague error messages. and about permission not there. it's my account..it's my stuff. why no permission? the only thing I can connect it to is that I don't pay for microsoft 365. worked perfectly fine on my last switch over. I've used this app for a LONG time. now I'm looking for something else.,0,2026-01-03 22:06:15
com.microsoft.office.onenote,Microsoft OneNote: Save Notes,,Camilla Holt,2,I sent scans to OneNote and it tells me that I have five notebooks but I can only see three it won't even let me make the notebook with the name cuz it says that notebook has already been made but I can't see it,0,2026-01-03 20:18:52
com.microsoft.office.onenote,Microsoft OneNote: Save Notes,,Dillon Richard,3,"Good nesting note taking app. I use it to keep track of TTRPG campaigns, and it is super helpful. It does do one irritating thing. when I add punctuation, it adds it after my place marker. so if I type ""Hello! My good friend"" it ends up as ""Hellomy good friend.!"" Unless I stop typing and move my marker. otherwise it is great! and I like that I can access the notes on my computer.",0,2026-01-03 19:06:06
com.microsoft.office.onenote,Microsoft OneNote: Save Notes,,Abdul Noor,4,useful,0,2026-01-03 18:51:34
com.microsoft.office.onenote,Microsoft OneNote: Save Notes,,Justin,1,DO NOT DOWNLOAD! I can't access the app and can't talk to a representative about it. The support email listed doesn't work. do not download unless you want to lose all of your notes.,0,2026-01-03 18:25:04
ai.fireflies.mobile,Fireflies: AI notetaker,,Boluwatife Amu,4,Great app. really great. I just wish it will be possible to copy the transcript just like we can copy the notes,0,2026-01-05 10:55:05
ai.fireflies.mobile,Fireflies: AI notetaker,,Victoria Nsirim,4,great app.... makes meeting note taking seamless,0,2026-01-04 10:43:20
ai.fireflies.mobile,Fireflies: AI notetaker,,Carina Harrison,1,This company stole $460 from me!!! i started their trial and cancelled before the trial was over. they still charged me for the subscription. Then when I contacted them they said they would issue my refund but instead they took another $228 out of my account. Now all I'm getting is the runaround. If this app wasn't a fraud they would return what they stole from me. Be very careful dealing with this company. In fact don't do it!!! They are a scam company looking to take your money & information.,0,2026-01-03 00:12:55
ai.fireflies.mobile,Fireflies: AI notetaker,,Lucas Ribeiro,3,"The app doesn't allow you to make comments or create soundbites directly from the audio/transcript. Only the web version, which doesn't serve its purpose since we want to have all the features in the app on my phone.",0,2025-12-30 09:58:18
ai.fireflies.mobile,Fireflies: AI notetaker,,Rizal Nur,2,Upload reset if the phone lock or the app run on backgrond for a while. It should be resuming instead of upload from 0%. Then parallel uploading should be limit to 2 or 3 to avoid infinite looping due to an issue above,0,2025-12-28 19:50:28
ai.fireflies.mobile,Fireflies: AI notetaker,,Remington Crawford,1,"I'm very disappointed that the calendar permission is a requirement. I prefer to test an app out before giving it access to things like my calendar. For me, none of my meetings are linked to calendars on my phone, so the benefit of this permission is very limited to me. Make the permission an option, not a requirement.",1,2025-12-21 01:38:08
ai.fireflies.mobile,Fireflies: AI notetaker,,Obed Boro,5,good,0,2025-12-20 07:52:01
ai.fireflies.mobile,Fireflies: AI notetaker,,teddy sagaba,4,Amazing and helpful,0,2025-12-19 07:49:00
ai.fireflies.mobile,Fireflies: AI notetaker,,Doug Ewald,4,"It's very good at making clear, concise text summaries of audio files and full transcripts.",0,2025-12-17 23:43:27
ai.fireflies.mobile,Fireflies: AI notetaker,,Jeremy Sauve,1,fails to record meetings. hard to accept paying for the application and it failing for each recording attempt. completely useless so far.,1,2025-12-17 18:03:41
ai.fireflies.mobile,Fireflies: AI notetaker,,Mohammed Adib AL AGHA,5,"It integrates seamlessly with Google Workspace sends the notes to my email and google docs, adds the tasks to my tasks app all attendees get the summary without hassle. the meeting is summarizes nicely with emojis and you can add fireflies or record face to face i just don't like the credits system because these promps can work for free on your gemini or Chat GPT account. it certainly adds value but i just shifted from read.ai with the same price almost gives me those simple addons. love it",0,2025-12-16 12:48:50
ai.fireflies.mobile,Fireflies: AI notetaker,,Kamal Talreja,5,excellent app,0,2025-12-15 08:01:41
ai.fireflies.mobile,Fireflies: AI notetaker,,Octovian Khan,5,"Great Apps, highly recommended to utilise",0,2025-12-13 13:20:23
ai.fireflies.mobile,Fireflies: AI notetaker,,Ismail Akin Adebayo,5,awesome,0,2025-12-12 08:49:32
ai.fireflies.mobile,Fireflies: AI notetaker,,Adedolapo Olayinka,5,Very great app. quite useful,0,2025-12-11 20:39:37
ai.fireflies.mobile,Fireflies: AI notetaker,,Sunil benedict,5,excellent,0,2025-12-11 18:13:48
ai.fireflies.mobile,Fireflies: AI notetaker,,Ferehan Siraj Nuru,5,excellent for intelligence and AI,0,2025-12-06 23:05:23
ai.fireflies.mobile,Fireflies: AI notetaker,,SAMUEL OWOEYE,5,Excellent,0,2025-12-04 05:06:40
ai.fireflies.mobile,Fireflies: AI notetaker,,Loris Mugisha,1,"why can you not let us listen to a meeting with requesting everytime to create an account and login ? and if i create an account, it wont allow me to do so without giving you consent to access my calendar. you are intrusive and you want to push in getting access that you dont deserve !!!! stop this!!! i wish i would give 0 star",0,2025-12-03 18:52:51
ai.fireflies.mobile,Fireflies: AI notetaker,,Atisha Banjare,5,Best notetaker. 👍,0,2025-11-29 09:34:29
ai.fireflies.mobile,Fireflies: AI notetaker,,Niye Emmanuel,5,very easy to use and it makes taking the notes from the meeting tireless.,0,2025-11-26 03:09:44
ai.fireflies.mobile,Fireflies: AI notetaker,,Sethu 0x99,2,Unable to search for my meetings in this app. Really frustrating to use the browser app always for this.,0,2025-11-24 01:56:31
ai.fireflies.mobile,Fireflies: AI notetaker,,Sachin Rawat,5,good,0,2025-11-22 13:10:02
ai.fireflies.mobile,Fireflies: AI notetaker,,Andy Todd,5,I have one word for this app ... Awesome !,0,2025-11-18 20:20:39
ai.fireflies.mobile,Fireflies: AI notetaker,,Ty Allaby,3,mostly accurate,0,2025-11-18 02:36:10
ai.fireflies.mobile,Fireflies: AI notetaker,,Arun S,2,"Missing the basics, When pressed+ and select Record Audio, not asking for the Recording title and just starts recording and saves it with Month date and time Ex: Nov 18 11:23 AM. Resulting in not being able to know the Meeting context later.",2,2025-11-14 09:04:31
ai.fireflies.mobile,Fireflies: AI notetaker,,TemiTayo Ado-lmoisli,1,always ask me to pay money before seeing my summary,0,2025-11-13 11:16:03
ai.fireflies.mobile,Fireflies: AI notetaker,,Edwin Gakunga,5,I love this app,0,2025-11-13 06:43:48
ai.fireflies.mobile,Fireflies: AI notetaker,,Anslem Agbom,5,nice 👍,0,2025-11-12 23:56:59
ai.fireflies.mobile,Fireflies: AI notetaker,,Vinodh K,3,It's not very user friendly to navigate,0,2025-11-07 21:28:04
ai.fireflies.mobile,Fireflies: AI notetaker,,Irowainu Maxwell,5,Great app,0,2025-11-06 01:53:31
ai.fireflies.mobile,Fireflies: AI notetaker,,LAMI MUSA,5,It is a very effective and efficient tool for recording and summarizing meetings. I am so glad to have come across it.,5,2025-11-04 18:39:40
ai.fireflies.mobile,Fireflies: AI notetaker,,Muhammad Roshan,3,Sindhi language isn't being processed well,0,2025-10-30 09:31:51
ai.fireflies.mobile,Fireflies: AI notetaker,,Brima James Gbakie,5,fantastic,0,2025-10-28 05:59:06
ai.fireflies.mobile,Fireflies: AI notetaker,,Minoy,5,very clear recording,0,2025-10-25 06:03:36
ai.fireflies.mobile,Fireflies: AI notetaker,,Tshidi,2,"I invited the ai tool to a meeting, but it didn't join. I wasted my money with this tool.",1,2025-10-23 16:20:30
ai.fireflies.mobile,Fireflies: AI notetaker,,Benjamin Marshall,5,really great product,0,2025-10-23 15:46:47
ai.fireflies.mobile,Fireflies: AI notetaker,,Contiss Alamany,5,"dose the job perfectly, thank you programmers/ developers/ designers and everything in between.",0,2025-10-22 10:47:13
ai.fireflies.mobile,Fireflies: AI notetaker,,Joseph Yisa,5,Awesome App!,0,2025-10-22 09:59:56
ai.fireflies.mobile,Fireflies: AI notetaker,,Steven owens (soquarky),5,"this is the best free AI unlimited voice and transcript recording I have come across. you have to pay for the pro version to download it, and I'm going to rather than doing workarounds. this is absolutely worth it and I've been looking for this one specifically to the point where I've been building my own with whisper Ai and it's like this is way better! it's cheap to get per month and you can get it for 3 months free through your perplexity pro!",0,2025-10-20 02:53:02
ai.fireflies.mobile,Fireflies: AI notetaker,,John Emmanuel Weere,5,Fast and efficient. I no longer miss any meetings even when am unavailable to attend. Thanks @Fireflies team 👏 👏 👏,0,2025-10-18 08:05:57
ai.fireflies.mobile,Fireflies: AI notetaker,,Anton Pokatilo,1,"This app is scam, can not unsubscribe, unreliable, ui is unclear",0,2025-10-14 15:58:34
ai.fireflies.mobile,Fireflies: AI notetaker,,Robin Lowenthal,5,"A giant step up from Google ""Live Transcribe"". Not only do you get a transcript, but you get an AI summary that makes your ideas sound better. Haven't hit the limits of the free account yet.",1,2025-10-14 01:07:05
ai.fireflies.mobile,Fireflies: AI notetaker,,Kyōshin Liu,3,"Decent app overall, but has a big where it stopped playing a file",1,2025-10-13 23:47:27
ai.fireflies.mobile,Fireflies: AI notetaker,,Rochelle Cook,1,it's impossible to update,1,2025-10-13 23:23:57
ai.fireflies.mobile,Fireflies: AI notetaker,,Dekwon,5,bubbon10 kubbon jon,0,2025-10-10 16:05:01
ai.fireflies.mobile,Fireflies: AI notetaker,,sean sherrod,5,Saves countless hours. I'm a fan,0,2025-10-10 15:28:38
ai.fireflies.mobile,Fireflies: AI notetaker,,R T,5,awesome just awesome,0,2025-10-10 00:20:41
ai.fireflies.mobile,Fireflies: AI notetaker,,В'ячеслав Єжов,4,Change your paywall product manager. Can't find the button to upgrade to payed subscription for over 15minutes. But the product itself overall great.,2,2025-10-09 10:40:07
ai.fireflies.mobile,Fireflies: AI notetaker,,Jason Lyman,4,I like this app but one of the recent updates just stripped the icons from the Titles in the Notes and all other eye catching visuals. it's not cleaner it Boring and Dumbed Down! mine as well white wash the app like it's a house flipping special. LoL modern is stale!,2,2025-10-07 21:46:11
com.yygg.note.app,"Notewise - AI Notes, PDF, Docs",,Nirav Kumar,4,It is a very nice app helps me to everything but a single feature I want is to add custom fonts also there are bugs in the sticky notes there should also be writing option with text in the sticky notes .,0,2026-01-06 17:21:53
com.yygg.note.app,"Notewise - AI Notes, PDF, Docs",,javed akthar,5,excellent 👌👌👌👌👌👌 i would recommend to all,0,2026-01-06 11:23:49
com.yygg.note.app,"Notewise - AI Notes, PDF, Docs",,Ahmonie,1,I've been looking for apps to help me take notes while in class as a high school senior and I thought this would be a good app did it actually work and it was confusing.,0,2026-01-05 12:06:27
com.yygg.note.app,"Notewise - AI Notes, PDF, Docs",,Pradyumna sahoo,2,"it's my humble request please enhance the hold to draw shape every time I try to make a circle it's converted to a small straight line, It needs too much refinement.",0,2026-01-05 07:51:17
com.yygg.note.app,"Notewise - AI Notes, PDF, Docs",,Safwan Rahman,4,Would be nice if there was a dark mode for viewing PDFs,0,2026-01-04 17:12:18
com.yygg.note.app,"Notewise - AI Notes, PDF, Docs",,Mehdi Amiri,5,perfect,0,2026-01-04 02:57:19
com.yygg.note.app,"Notewise - AI Notes, PDF, Docs",,04.ธนัชพร mona pongrojphao,4,some essential (in my opinion) things are not free (example. ruler. hold to make shapes. etc...) but overall very easy to use!!! I might use this on my tablet,0,2026-01-03 14:35:48
com.yygg.note.app,"Notewise - AI Notes, PDF, Docs",,Sam,5,"Best notetaking app by far on the Play Store! Good thoughtfull features, nice UI, handy AI features for a reasonable price and great writing experience!",0,2026-01-03 11:36:46
com.yygg.note.app,"Notewise - AI Notes, PDF, Docs",,Elite Music,5,"this is the future, best app too good than Good Notes, Bamboo Paper & too many other apps, I used each and every app. After that I totally satisfied with Notewise , and I pay some money and subscribed for lifetime membership.",1,2026-01-03 07:16:41
com.yygg.note.app,"Notewise - AI Notes, PDF, Docs",,Vandrea Mullins,5,"I want to become a beta tester but, keep telling me to switch accounts. I have still tried the same message that comestibles up. help me please",0,2026-01-03 06:22:18
com.yygg.note.app,"Notewise - AI Notes, PDF, Docs",,Mayur,5,"Best Note Taking App, most useful feature is Table + Shape Formats + A3 and other size Page Template",0,2026-01-02 02:19:37
com.yygg.note.app,"Notewise - AI Notes, PDF, Docs",,Nontethelelo Gumede,1,horrible it is a scam it is R399.99 then it starts to work like promised other then that it's just a waste of space on your phone,0,2026-01-02 00:02:07
com.yygg.note.app,"Notewise - AI Notes, PDF, Docs",,Kevlar,5,Notewise is by far one of the best and most useful note apps I've found. Worth every penny for the cloud service. You can do so much more than just take notes. I'd love to see an expanded marketplace in the app.,1,2026-01-01 18:58:20
com.yygg.note.app,"Notewise - AI Notes, PDF, Docs",,Uday,4,Hey guys I have a question. Do we have the PDF annotation features in the lifetime subscription plan ???,0,2025-12-31 23:48:16
com.yygg.note.app,"Notewise - AI Notes, PDF, Docs",,Orchid Engida,5,Wow wow,0,2025-12-31 17:42:20
com.yygg.note.app,"Notewise - AI Notes, PDF, Docs",,Rubina Khatun,4,Good app for students,0,2025-12-31 16:37:05
com.yygg.note.app,"Notewise - AI Notes, PDF, Docs",,DHRUV BARADA,3,it hangs when you are revising notes with laser pointer. have to restart the app. please look into this guys,0,2025-12-31 14:46:13
com.yygg.note.app,"Notewise - AI Notes, PDF, Docs",,Arif Hossain,4,good apps,0,2025-12-31 10:17:59
com.yygg.note.app,"Notewise - AI Notes, PDF, Docs",,Achchhe Ram,5,good,0,2025-12-31 09:00:55
com.yygg.note.app,"Notewise - AI Notes, PDF, Docs",,Melody z4c,5,♡♡♡*Love the APP-dowload note wise now girl,0,2025-12-31 07:45:50
com.yygg.note.app,"Notewise - AI Notes, PDF, Docs",,Arjun B,1,Updates are ruining the experience. I have the paid version without ai. the latest update has made it infinitely complicated to even make a new page. this is unacceptable. Tasks like making a new page are fundamental and should be made as quickly accessible as possible.,0,2025-12-31 07:28:00
com.yygg.note.app,"Notewise - AI Notes, PDF, Docs",,Kanzariya Jaydev,5,best app,0,2025-12-31 04:31:01
com.yygg.note.app,"Notewise - AI Notes, PDF, Docs",,Divyanshu Mishra,5,Great App,0,2025-12-30 13:49:51
com.yygg.note.app,"Notewise - AI Notes, PDF, Docs",,André Mudry,1,"Notewise Cloud will DELETE YOUR LOCAL COPIES once your subscription expires. Doesn't matter if they were saved locally on your device, Notewise will go ahead and delete everything. The only way to get back access to your files is to resubscribe to Notewise Cloud. Customer support will just tell you bad luck and to resubscribe, essentially keeping your files hostage. Notewise cannot be trusted with your data.",0,2025-12-30 12:18:37
com.yygg.note.app,"Notewise - AI Notes, PDF, Docs",,Madmaxxd123456,5,Only app I ever purchased The one time purchase gets the job done for notes. Lots of features and frequent updates.,1,2025-12-30 00:50:27
com.yygg.note.app,"Notewise - AI Notes, PDF, Docs",,Mohamed Idrees,5,"Its very good app. The best app I have ever used in my teaching career. If it includes protector, it's very easy to draw angles.",1,2025-12-29 19:05:21
com.yygg.note.app,"Notewise - AI Notes, PDF, Docs",,Muneer Pasha,4,niiiceeee wonderful💕🙏🥰🌹👍❤️💚♥️💕🙏,0,2025-12-29 16:41:30
com.yygg.note.app,"Notewise - AI Notes, PDF, Docs",,Nayan Dewangan,1,limited free notew,0,2025-12-29 15:27:48
com.yygg.note.app,"Notewise - AI Notes, PDF, Docs",,Dhananjay Das,3,"Can you please add pencil shades like HB, H, 2H, B, 2B . and also make the pencil more realistic, and the top tool bar can be made collapsible with 3 shortcuts.",0,2025-12-29 13:27:18
com.yygg.note.app,"Notewise - AI Notes, PDF, Docs",,Krishnadas Maji,5,please give option of facecam for online classes or recording,0,2025-12-29 11:10:56
com.yygg.note.app,"Notewise - AI Notes, PDF, Docs",,Shabaz Kurdi,3,"Excellent app, but something that I don't like is the thickness of the highlight doesn't widen enough, like there are texts that have large size.",0,2025-12-29 09:39:38
com.yygg.note.app,"Notewise - AI Notes, PDF, Docs",,Nipesh Rout,5,"I am facing following issues while using the PDF export feature in the Notewise app. ■1) When I zoom into exported PDFs, the text becomes blurry and pixelated. ■2) Text written in text boxes cannot be selected or copied and behaves like an image. ■3) I would also like to request a backup option that allows users to back up notes to internal storage and Google Drive for better data safety. Kindly consider fixing these issues and adding the backup feature in future updates.",1,2025-12-28 21:32:37
com.yygg.note.app,"Notewise - AI Notes, PDF, Docs",,Vijendra Dewangan,5,It actually a nice application in which you can notes without pen and Paper.,0,2025-12-28 19:05:40
com.yygg.note.app,"Notewise - AI Notes, PDF, Docs",,dodae,3,good app overall. but could be perfect if we can add our own font to the notes 🤩 love the UI and UX too,0,2025-12-27 14:50:02
com.yygg.note.app,"Notewise - AI Notes, PDF, Docs",,Arpit Patel,2,super expensive,2,2025-12-27 10:47:02
com.yygg.note.app,"Notewise - AI Notes, PDF, Docs",,Abdullah T. Halabi,5,"Good notetaking app, may i give suggestion please make notebooks and board sheet just like nebo",1,2025-12-27 10:46:19
com.yygg.note.app,"Notewise - AI Notes, PDF, Docs",,Naman pandey,4,"Overall good but some features are missing 1-_select drag tool, for selecting and resizing 2-_option to customize the toolbox (if doesn't exist) 3 - Hold to draw 4-Scribble to erase 5-",0,2025-12-27 07:42:22
com.yygg.note.app,"Notewise - AI Notes, PDF, Docs",,Aryan Kunal,4,there is no way for me to upload a pre existing pdf file on the screen,0,2025-12-27 03:12:58
com.yygg.note.app,"Notewise - AI Notes, PDF, Docs",,mart q,5,suggestion: pls enable manual horizontal view on phone then prevent auto rotation when relaunched or came from background.,2,2025-12-27 01:53:00
com.yygg.note.app,"Notewise - AI Notes, PDF, Docs",,Arif Shekh,4,"after getting a subscription, then why the upgrade features. we have already bought a subscription and want to use ai features but its saying to upgrade. This is disgusting.",0,2025-12-26 23:58:02
com.yygg.note.app,"Notewise - AI Notes, PDF, Docs",,PEACH,4,"I wish the screen scrolling could be from rigth to left; it's more fun than scrolling up and down , like a real book. I also want more freedom in cropping images, a feature to save stickers, and more tape patterns. Everything else is great. There's a slight lag, but it's forgivable. 💗😌👍🏻",35,2025-12-26 19:38:33
com.yygg.note.app,"Notewise - AI Notes, PDF, Docs",,Neelam Gupta,5,cool app,0,2025-12-26 15:28:23
com.yygg.note.app,"Notewise - AI Notes, PDF, Docs",,anuj bansal,4,the app is good but needs one feature to make it ultimate. please add voice notefeature in which. you can add a voice note directly on the relevant text in the file. not as the one which is already in the app in which you have to store the voice note in a separate section,0,2025-12-26 09:13:26
com.yygg.note.app,"Notewise - AI Notes, PDF, Docs",,Raj S.,4,App is user friendly & have all imp features. Customer support is great. They will definitely try to solve all the issues.,1,2025-12-26 09:06:23
com.yygg.note.app,"Notewise - AI Notes, PDF, Docs",,Jen Jinz,5,Awesome!,0,2025-12-26 04:54:15
com.yygg.note.app,"Notewise - AI Notes, PDF, Docs",,Billy Rogers,5,Great,0,2025-12-25 19:37:06
com.yygg.note.app,"Notewise - AI Notes, PDF, Docs",,KAVIN RAJ,2,"The app has limited free features, and accessing most tools requires an expensive upgrade. It may not be cost-effective for all users.",4,2025-12-25 15:26:00
com.yygg.note.app,"Notewise - AI Notes, PDF, Docs",,Graweeld - (grwd),2,Forces a login to use it properly.,0,2025-12-25 14:20:42
com.yygg.note.app,"Notewise - AI Notes, PDF, Docs",,Brian Coello Guerrero,4,"Please, I need you to add the option to import my own audio files.",1,2025-12-25 07:02:50
com.yygg.note.app,"Notewise - AI Notes, PDF, Docs",,Jonathan Reeds,5,love the new brushes feature. please add more and the ability to import our own if possible!,2,2025-12-25 04:05:56
com.goodnotes.android.app,"Goodnotes: AI Notes, Docs, PDF",,Melika Fallah,3,it's good but it's slow,0,2026-01-06 16:56:35
com.goodnotes.android.app,"Goodnotes: AI Notes, Docs, PDF",,Dominique Fryer (DominiQue),1,Couldn't even use it. Would only be able to be in app for 5 seconds before it would freeze.,0,2026-01-06 15:33:49
com.goodnotes.android.app,"Goodnotes: AI Notes, Docs, PDF",,Tok Det,5,good apps n user freindly,0,2026-01-06 05:46:24
com.goodnotes.android.app,"Goodnotes: AI Notes, Docs, PDF",,Kimora-Lee Gayle,5,I like it helps with remembering important things like school work,0,2026-01-06 00:40:53
com.goodnotes.android.app,"Goodnotes: AI Notes, Docs, PDF",,Sheza Mohamed Izwan,3,good But would be better if they give unlimited Notebooks,0,2026-01-05 15:56:36
com.goodnotes.android.app,"Goodnotes: AI Notes, Docs, PDF",,Michael O'Neil,2,"Been using OneNote for years but decided to give Goodnotes a try. It does some things better, but mostly, it just feels incredibly clunky on Android. From what I see online, it's not even close to the app it is on Apple which is incredibly unfortunate. I got a free 1 year subscription picking up a Samsung tablet. I'm going to keep using it, for now, but hope it gets updates to smooth out rough edges. On my Fold 7, it's AWFUL on the front screen and just OK on the inner display.",0,2026-01-05 15:44:20
com.goodnotes.android.app,"Goodnotes: AI Notes, Docs, PDF",,Layla Lamkhantar,5,"Very practical application , so far So good",0,2026-01-05 13:57:08
com.goodnotes.android.app,"Goodnotes: AI Notes, Docs, PDF",,ROSHAN S M,4,"It would have been great if the change of template can be applied to entire document. And syncing seems quite slow. But, the new stroke stability is the game changer!!",0,2026-01-05 11:42:52
com.goodnotes.android.app,"Goodnotes: AI Notes, Docs, PDF",,Safa Shafil,2,just reloads in the middle for no reason. turns off itself.,0,2026-01-04 17:00:02
com.goodnotes.android.app,"Goodnotes: AI Notes, Docs, PDF",,Ankita Dey,1,very very slow,0,2026-01-04 14:14:08
com.goodnotes.android.app,"Goodnotes: AI Notes, Docs, PDF",,Alicia Dlamini,4,"it's a lovely app, and I love using it, the only problem is it freezes up sometimes but it quickly corrects itself and works fine so I guess it's okay",0,2026-01-04 13:58:03
com.goodnotes.android.app,"Goodnotes: AI Notes, Docs, PDF",,Ishwar Varma,2,good Application -,0,2026-01-04 10:17:01
com.goodnotes.android.app,"Goodnotes: AI Notes, Docs, PDF",,Brandon Kinsey,4,getting there. switched from iPad and this is not as polished. pain to import notes onto android tablet. I am hopeful that GN will invest into the android version,0,2026-01-04 02:44:15
com.goodnotes.android.app,"Goodnotes: AI Notes, Docs, PDF",,Alex Samson,1,Started off really promising...so much so I signed up for the Pro trial. Then I discovered the app is missing one fairly critical feature for a serious notes app: search. You can't actually search your notes in the Android app. What is the point if you can't quickly sift through your notes and find what you're looking for??? It's a no for me. Edit: sending a generic auto-response to my comment doesn't help. I've made it clear what I'd like to see. Why do I need to contact Support?,0,2026-01-03 20:20:27
com.goodnotes.android.app,"Goodnotes: AI Notes, Docs, PDF",,Hafiz Aron,1,not fully optimised for android Samsung tablet.,0,2026-01-03 17:51:37
com.goodnotes.android.app,"Goodnotes: AI Notes, Docs, PDF",,Ade Ade,3,The Stylus Writing Size Should be adjustable,0,2026-01-03 14:51:48
com.goodnotes.android.app,"Goodnotes: AI Notes, Docs, PDF",,Ratnesh Agrawal,5,notes are good,0,2026-01-03 14:20:30
com.goodnotes.android.app,"Goodnotes: AI Notes, Docs, PDF",,Krunal Shahi,5,Good application for Android based tablets users.,0,2026-01-03 06:57:13
com.goodnotes.android.app,"Goodnotes: AI Notes, Docs, PDF",,Priti Bhalake,5,ok,0,2026-01-02 07:16:44
com.goodnotes.android.app,"Goodnotes: AI Notes, Docs, PDF",,Tim Galea,4,"great for stylus and tablet use, and I love the fact i can also use it on my PC with decent sync between devices. I wish it was friendlier to using in a normal mobile phone mode, but it locks out editing when I try access my notes from that mode.",0,2026-01-02 04:24:27
com.goodnotes.android.app,"Goodnotes: AI Notes, Docs, PDF",,Craaig,1,your app is confusing I wanted to talk to text that's it,0,2026-01-01 21:39:30
com.goodnotes.android.app,"Goodnotes: AI Notes, Docs, PDF",,Iga,5,good even tho u have to pay,0,2026-01-01 13:20:30
com.goodnotes.android.app,"Goodnotes: AI Notes, Docs, PDF",,Caryn Hong,5,The best note taking app I've ever used,0,2026-01-01 07:52:54
com.goodnotes.android.app,"Goodnotes: AI Notes, Docs, PDF",,Stoian Yanis,1,Very laggy its almost impossible to use on Android,0,2025-12-31 17:00:47
com.goodnotes.android.app,"Goodnotes: AI Notes, Docs, PDF",,Sheldon Mahlatsi,5,"The apps great, the ui needs more improvement.",0,2025-12-31 15:52:00
com.goodnotes.android.app,"Goodnotes: AI Notes, Docs, PDF",,Mona Dualbait,1,"I was so excited for goodnotes, I even bought a template drom the marketplace but the experience is so bad and it's so laggy apparently this is a common thing in android, literally so sad 😞",0,2025-12-30 23:33:52
com.goodnotes.android.app,"Goodnotes: AI Notes, Docs, PDF",,Mohammad Khadim,1,not good for android notewise is best,0,2025-12-30 21:22:53
com.goodnotes.android.app,"Goodnotes: AI Notes, Docs, PDF",,Mariliz M,1,"Never worked on my new Samsung tablet always went to a white error page that says trying again later or something to that effect. it would saying running on chrome, go to the web page and then close.",0,2025-12-30 20:52:01
com.goodnotes.android.app,"Goodnotes: AI Notes, Docs, PDF",,Noam ST,1,"IT IS NOT A REAL APP, it is a webapp which doesnt even save your documents locally, it randomly crashes and you need to redownload EVERYTHING. UNUSEABLE.",0,2025-12-30 16:24:30
com.goodnotes.android.app,"Goodnotes: AI Notes, Docs, PDF",,raj nathwani,1,very bad the differrnece of stroke in s tablet very bad,0,2025-12-30 10:28:49
com.goodnotes.android.app,"Goodnotes: AI Notes, Docs, PDF",,sudarshan meti,2,not good for android,0,2025-12-30 08:55:38
com.goodnotes.android.app,"Goodnotes: AI Notes, Docs, PDF",,Jefferson Koshy,1,Not user friendly. Wrote a bunch of notes came to an error then the notes disappeared. the functions sometimes run around and the notes go all over the place. The functions/note writing is not very intuitive. Going to use other apps instead,0,2025-12-30 08:49:01
com.goodnotes.android.app,"Goodnotes: AI Notes, Docs, PDF",,Arturo De Guzman,2,"need real app recent upgrades are okay, but not being a native app takes serious performance hits. not worth it. go back to ios.",1,2025-12-30 04:23:18
com.goodnotes.android.app,"Goodnotes: AI Notes, Docs, PDF",,Debora Learch,1,don't recommend bait trap subscription can't cancel,0,2025-12-29 20:15:36
com.goodnotes.android.app,"Goodnotes: AI Notes, Docs, PDF",,Jayti Gupta,1,"terrible performance, such a sloppy app",0,2025-12-29 16:49:53
com.goodnotes.android.app,"Goodnotes: AI Notes, Docs, PDF",,Mahdi Al Hasan,2,"I do not get the fact that why the android users are getting a web browser forced to look like an app instead of getting a properly packaged application like the ios devices? The android ""app"" is really bad, pages take time to render, latency is visible. We are willing to pay the same amount for a subscription. Just give us the actual app.",0,2025-12-29 16:41:40
com.goodnotes.android.app,"Goodnotes: AI Notes, Docs, PDF",,Rudra Sikarwar,4,E asy agosofor making notes,0,2025-12-29 10:04:44
com.goodnotes.android.app,"Goodnotes: AI Notes, Docs, PDF",,Chinmaya Sahu,4,experience is good little bit choppy some times also please add a function of window so we can open two or more document at the same time and switch between them seamlessly just likeolder version of ipad,0,2025-12-29 07:35:59
com.goodnotes.android.app,"Goodnotes: AI Notes, Docs, PDF",,Tara Hawks,3,"It's just okay for Android but the app works great for Apple products. The app still doesn't sync the content from the Android app and iOS app. I typed notes in the Android app and only some of the content saved. Since I had to get the notes again, I just used the app on my iPad and the notes are there. I recommend you use a different app for notes on Android.",4,2025-12-29 05:32:26
com.goodnotes.android.app,"Goodnotes: AI Notes, Docs, PDF",,Wastubali Architecture,1,lot of crash n laggy on tab ultra 11 but work quite well on ipad pro 12.9 m2,0,2025-12-29 02:38:23
com.goodnotes.android.app,"Goodnotes: AI Notes, Docs, PDF",,K Landry,1,"Regretting purchase. Got this app for digital planning and journals on my brand new Lenovo tab. It's been awful... to the point where I end planning sessions early. It takes FOREVER to load, scribbles to erase even with the feature off, links sometimes work. Based on what I read, it seemed it would be compatible, but no. Can't get a refund on the notebook or app, so I may cut my losses and try a diff app. The lagging is not worth the features I paid for over others. Androids don't bother.",8,2025-12-28 15:31:41
com.goodnotes.android.app,"Goodnotes: AI Notes, Docs, PDF",,Moritz Rudrof,2,"Unfortunately, with the new updates, the app is not getting better, it is getting worse! Goodnotes is too slow and most importantly: It is still not possible to open multiple tabs at the same time! When will you finally release this function for Andriod users? I cannot recommend this app if it keeps moving further backwards",0,2025-12-28 14:05:46
com.goodnotes.android.app,"Goodnotes: AI Notes, Docs, PDF",,Aphrodite Lee,1,I've only used it a few times and this app keeps loading.,0,2025-12-28 09:04:05
com.goodnotes.android.app,"Goodnotes: AI Notes, Docs, PDF",,Jordan Kington,2,"This app has been very good for a couple of years at uni taking notes. But it seems to get buggier every time. The eraser function from the button has disappeared, it deletes custom colour's if I don't use it over my breaks. It also will often clear my writing and then load it back in letter by letter meaning I can't see what I have just written. Too many new features and changes for an app that doesn't work very well on the basics.",1,2025-12-28 08:08:42
com.goodnotes.android.app,"Goodnotes: AI Notes, Docs, PDF",,Rounak Shaikh,4,very nice app for to teach in online class,0,2025-12-28 07:50:29
com.goodnotes.android.app,"Goodnotes: AI Notes, Docs, PDF",,D S,1,"Terrible app, they continue to change the UI layout for no good reason, repeatedly putting hours of muscle memory to waste. Additionally, the app insists I store my notes in the cloud instead of on my local device (for what purpose if I do not intend to access my notes from another device?) which has led to THREE instances of my recent notes (up to a month's worth) being wiped. If I had have known Goodnotes had this little concern for its' users' experiences I would have never had installed.",0,2025-12-28 04:37:17
com.goodnotes.android.app,"Goodnotes: AI Notes, Docs, PDF",,Rain O.,3,notebook experience is good but it's terrible that everything requires internet. i don't always have internet.,0,2025-12-27 23:26:57
com.goodnotes.android.app,"Goodnotes: AI Notes, Docs, PDF",,wendy hopkins,1,"Downloaded, then wanted a payment, uninstalled it !!and looking at the latest reviews I won't be downloading again any time soon !!!!!!",0,2025-12-27 18:12:37
com.goodnotes.android.app,"Goodnotes: AI Notes, Docs, PDF",,Mya LaMaster,1,Waste of money. This app has been available for ages on android and it still is far behind the functionality compared to ios. Why bother making the app available if it is useless on the android system,0,2025-12-27 16:21:09
com.goodnotes.android.app,"Goodnotes: AI Notes, Docs, PDF",,Clay Powell,1,Hyperlinks on my planner did not work.,0,2025-12-27 04:55:03
com.hubx.noteai,Note AI: Smart Note Taker,,Katrina Helm,1,the app doesn't work and it cost me. I need to retrieve information off of it but it stays frozen. The day it was time to pay then it stopped working.,0,2026-01-06 01:04:13
com.hubx.noteai,Note AI: Smart Note Taker,,mohini singh,5,good app,0,2026-01-05 15:56:40
com.hubx.noteai,Note AI: Smart Note Taker,,John A,5,This is magical,0,2026-01-05 01:56:54
com.hubx.noteai,Note AI: Smart Note Taker,,Dhwanit,5,very genuine and works quite good,0,2026-01-01 04:20:59
com.hubx.noteai,Note AI: Smart Note Taker,,Sathish India,5,amazingly translate our conversation into malayalam. It would be convenient if we can choose the languages.,0,2025-12-26 07:55:15
com.hubx.noteai,Note AI: Smart Note Taker,,David Rincon,3,O pero bien perro no imprime,0,2025-12-17 18:17:58
com.hubx.noteai,Note AI: Smart Note Taker,,Elmira Hadzhykhanova,5,Amazing help 👍🏻,0,2025-12-16 02:33:22
com.hubx.noteai,Note AI: Smart Note Taker,,Philip Beaven,5,Simply brilliant! So helpful,0,2025-12-13 19:35:34
com.hubx.noteai,Note AI: Smart Note Taker,,Olukunle Abimbola,3,Good,0,2025-12-13 06:42:09
com.hubx.noteai,Note AI: Smart Note Taker,,Taufail Ahmed,4,All features are very user-friendly. But 4 stars are given as the notes making from PDF / hand writing scanned is not available. Though should have been to get a complete 5 stars. Request the developer to incorporate this feature.,2,2025-12-10 09:01:00
com.hubx.noteai,Note AI: Smart Note Taker,,Kasandra Bell,1,"The app worked ok for a single short voice to text activity. I gave it one star because 1) there was a lot of difficulty logging in, and 2) I thought I had a three day free trial but as soon as I logged in there was a message that my card on file was charged. I don't know how much or what I paid for. I tried looking at my account info, nothing about that, I still cannot find it. I just tried a three minute clip, in English. The notes are in German!?!? I uninstalled this app.",9,2025-12-10 01:55:35
com.hubx.noteai,Note AI: Smart Note Taker,,Bruce Foster,3,it's great for speaking into but I tried recording an important call and after 75 minutes I had no recording and the note and and transcript were for about 10 minutes of who knows what. Definitely not my call or even the saje topic. I deleted it.,1,2025-12-09 02:04:29
com.hubx.noteai,Note AI: Smart Note Taker,,jbarrelly,1,very hard to cancel. Dreadful ui.,0,2025-12-05 03:05:04
com.hubx.noteai,Note AI: Smart Note Taker,,doreen shah,1,how do I stop the payment,0,2025-12-04 23:12:41
com.hubx.noteai,Note AI: Smart Note Taker,,K Monahan,1,terrible,0,2025-12-03 07:41:25
com.hubx.noteai,Note AI: Smart Note Taker,,Ajay Ajay,5,good for learning,0,2025-12-02 14:56:22
com.hubx.noteai,Note AI: Smart Note Taker,,Meirin Chen,1,"first user need to buy subscription, cannot try fot free",0,2025-12-01 02:56:33
com.hubx.noteai,Note AI: Smart Note Taker,,Tammy Rose Coon (Tammy Rose),1,I have no memory of subscribing to this app. Please unsubscribe me from this app.,1,2025-11-30 11:50:25
com.hubx.noteai,Note AI: Smart Note Taker,,Muskan Mumtaz,5,it's not good it's paid,0,2025-11-25 15:23:03
com.hubx.noteai,Note AI: Smart Note Taker,,Linda Perez,5,This will be my first time to use this for today's conference. I tested it myself a while ago and I guess it's good.,0,2025-11-24 23:17:47
com.hubx.noteai,Note AI: Smart Note Taker,,Taiwo Alausa-Alake,5,I love it download now ❤️❤️❤️❤️🙌🙌😮😮,0,2025-11-24 23:14:17
com.hubx.noteai,Note AI: Smart Note Taker,,mema hamdy,5,great,0,2025-11-24 11:57:53
com.hubx.noteai,Note AI: Smart Note Taker,,Proud Magesa,5,good,0,2025-11-20 18:13:36
com.hubx.noteai,Note AI: Smart Note Taker,,Matt,5,Just works! Great job with it.,0,2025-11-20 17:31:50
com.hubx.noteai,Note AI: Smart Note Taker,,Christina Cronin,2,don't waste your money.,0,2025-11-20 12:26:54
com.hubx.noteai,Note AI: Smart Note Taker,,Nandipha Zulu,1,the app is slow and non-functioning,0,2025-11-19 02:40:57
com.hubx.noteai,Note AI: Smart Note Taker,,Kemi Abari,5,Its easy to use. The summart us good but sometimes misses the main points and actions to follow.,8,2025-11-18 13:36:00
com.hubx.noteai,Note AI: Smart Note Taker,,Wayne Yee,5,Great AI Assistant Anytime,0,2025-11-16 21:08:31
com.hubx.noteai,Note AI: Smart Note Taker,,Chulo Money,5,This App is exceptional👌,0,2025-11-15 15:32:39
com.hubx.noteai,Note AI: Smart Note Taker,,Abobaker Alkandery,4,"Perfect app, need updates, no connecting to our account ""Gmail"", no dark mode, expensive.. etc",0,2025-11-14 13:46:09
com.hubx.noteai,Note AI: Smart Note Taker,,ramon manzano,4,Easy to operate,0,2025-11-13 09:35:50
com.hubx.noteai,Note AI: Smart Note Taker,,Bashir Uthman,5,Excellent Transcription,0,2025-11-12 23:44:44
com.hubx.noteai,Note AI: Smart Note Taker,,Yemisi Akinwalere,5,"This app is wonderful and saves a lot of time. overall, it is satisfactory!",0,2025-11-11 22:05:27
com.hubx.noteai,Note AI: Smart Note Taker,,Andrea Yates,5,I love this app its a very useful tool for taking notes either for education or just simple every day life tasks,0,2025-11-11 18:11:26
com.hubx.noteai,Note AI: Smart Note Taker,,Khaled Sayed,5,very nice,0,2025-11-10 23:03:14
com.hubx.noteai,Note AI: Smart Note Taker,,David Pelealu,5,thanks best apps.,0,2025-11-10 02:28:22
com.hubx.noteai,Note AI: Smart Note Taker,,Satrio Piningit,1,not smooth,0,2025-11-09 12:37:58
com.hubx.noteai,Note AI: Smart Note Taker,,Jackmin Htet,5,good,0,2025-11-09 01:34:25
com.hubx.noteai,Note AI: Smart Note Taker,,Prudence Mthimkhulu,5,Clear and concise,0,2025-11-08 08:40:02
com.hubx.noteai,Note AI: Smart Note Taker,,Anderson Pehtrus,5,gila bagus banget,0,2025-11-05 08:43:12
com.hubx.noteai,Note AI: Smart Note Taker,,Nusa Teknika,5,Gila...keren banget. Helpful!,0,2025-11-03 07:02:31
com.hubx.noteai,Note AI: Smart Note Taker,,cherry raranta,5,very good apps,0,2025-11-02 13:12:32
com.hubx.noteai,Note AI: Smart Note Taker,,Robert Jilks,5,Nice App.,0,2025-10-31 12:41:41
com.hubx.noteai,Note AI: Smart Note Taker,,Buddha Ylang,1,"The audio-to-text transcription and meeting summary work really well on the phone. However, when sharing the notes, not only is the formatting lost, but the text becomes very hard to read. It would be great if the shared version could retain the original formatting.",11,2025-10-30 04:53:17
com.hubx.noteai,Note AI: Smart Note Taker,,Garold Sherlock,1,"Getting tired of the matrix (milk every one till their dead) business subscription model... just sell a license. If you have a worth while product, price it accordingly.",6,2025-10-29 15:41:27
com.hubx.noteai,Note AI: Smart Note Taker,,BONGANE Labour law,5,excellent app,0,2025-10-29 07:38:51
com.hubx.noteai,Note AI: Smart Note Taker,,Vivek .vitruvian,5,good,0,2025-10-28 04:52:02
com.hubx.noteai,Note AI: Smart Note Taker,,Hitler,1,worst application,0,2025-10-27 20:39:03
com.hubx.noteai,Note AI: Smart Note Taker,,GODWIN GOMEZ,5,good,0,2025-10-27 15:36:16
com.hubx.noteai,Note AI: Smart Note Taker,,Timothy Bishop,1,Do not try the free trial! There is no option to cancel and they will keep acting like they can't cancel your subscription when you email support. Pretty sure this will end up a class action lawsuit if they keep this up. Avoid the drama.,16,2025-10-26 21:47:35
com.studocu.app,Studocu: AI Notes & Summaries,,alexa cailing,5,like it supeer,0,2026-01-06 16:59:16
com.studocu.app,Studocu: AI Notes & Summaries,,Koumisai,5,great place for struggling students like myself. 👍 free of any cost really really helps a lot to me. this is so far the best platform for studying anything and any subject and or any language. I thought before that I just was a hopeless case in the case of studying but this is honestly helping me out with every single thing. so struggling students can stop stressing about studying anymore with studocu .it really really helps a so very much. sorry if I said a lot or made it long but this helps.,0,2026-01-06 16:44:33
com.studocu.app,Studocu: AI Notes & Summaries,,Caramell Macchiato,5,Very helpful in my homework,0,2026-01-06 14:27:51
com.studocu.app,Studocu: AI Notes & Summaries,,Navya Bojja,1,m,0,2026-01-06 11:12:24
com.studocu.app,Studocu: AI Notes & Summaries,,mari !,5,so good!,0,2026-01-06 03:31:09
com.studocu.app,Studocu: AI Notes & Summaries,,Lium Patrick,5,it's very good for secondary students and primary students 10/10,0,2026-01-05 22:49:25
com.studocu.app,Studocu: AI Notes & Summaries,,Sondre Moen,5,Good customer service,0,2026-01-05 19:20:42
com.studocu.app,Studocu: AI Notes & Summaries,,Anitha Kisamo,3,It's good it helps me get ready for exams,0,2026-01-05 10:18:38
com.studocu.app,Studocu: AI Notes & Summaries,,Hlanzeh Marvelas,4,this is very useful i like it and it helping me alot,0,2026-01-05 05:00:55
com.studocu.app,Studocu: AI Notes & Summaries,,Daniel Silva,5,Excellent customer service!,0,2026-01-02 22:07:15
com.studocu.app,Studocu: AI Notes & Summaries,,Hillary,5,user-friendly app,0,2026-01-02 09:16:09
com.studocu.app,Studocu: AI Notes & Summaries,,Lailerrr,5,i love it bcus u can access all the material which helps me a lot to study ><!,0,2026-01-01 15:24:50
com.studocu.app,Studocu: AI Notes & Summaries,,Moses Limo,5,great experience,0,2025-12-31 19:41:18
com.studocu.app,Studocu: AI Notes & Summaries,,Fraol Abdela,1,it's helpful for everything,0,2025-12-30 16:10:01
com.studocu.app,Studocu: AI Notes & Summaries,,Richard Masunga Bernad,3,good at a time,0,2025-12-29 18:46:01
com.studocu.app,Studocu: AI Notes & Summaries,,Ranjana Yadav Ranjana Yadav,4,"In my opinion it is a good app for study 😁 you can get proper notes of your syllabus, questions for practice..",12,2025-12-29 13:00:14
com.studocu.app,Studocu: AI Notes & Summaries,,Virginia,5,this app is the best 🥰,0,2025-12-29 08:11:43
com.studocu.app,Studocu: AI Notes & Summaries,,Sheyanshi,5,"it's is so good and I found my all college study material but the issue I face that is in typing when I type the study material it kept jumble, but overall it's good for all students",0,2025-12-28 05:20:25
com.studocu.app,Studocu: AI Notes & Summaries,,AKL Rajput,5,amazing study Hub,0,2025-12-27 08:54:50
com.studocu.app,Studocu: AI Notes & Summaries,,aloysius S,4,good but sometimes doesn't get the correct answer,1,2025-12-26 09:07:40
com.studocu.app,Studocu: AI Notes & Summaries,,Esther Crispo,4,it's the best for students,0,2025-12-25 17:21:54
com.studocu.app,Studocu: AI Notes & Summaries,,Khamuswa Said,5,nice 👍,0,2025-12-25 10:34:38
com.studocu.app,Studocu: AI Notes & Summaries,,Shalom Samuel,5,nice app relevant docs,0,2025-12-24 20:30:19
com.studocu.app,Studocu: AI Notes & Summaries,,God Boy,4,good app indeed but also try to improve by providing past exam papers and more notes of universities,0,2025-12-24 10:31:05
com.studocu.app,Studocu: AI Notes & Summaries,,faith mwinda,5,This app is just so amazing 😌,0,2025-12-23 17:33:21
com.studocu.app,Studocu: AI Notes & Summaries,,Melvis Lihanga,5,Splendid,0,2025-12-23 14:43:57
com.studocu.app,Studocu: AI Notes & Summaries,,Kreethika Sharathchandran,5,I have searched manyyyyy apps which could provide flashcards and quiz me for ncert syllabus but none of them worked...and you needed to pay to use them...but this app is thoppppp....seriouslyyyy amazinggg....thankuuu sooooo muchhhh,0,2025-12-21 09:48:07
com.studocu.app,Studocu: AI Notes & Summaries,,Abdoo Mattan,5,Good 👍,0,2025-12-19 18:47:46
com.studocu.app,Studocu: AI Notes & Summaries,,Rere Simpson,5,"I'm a highschool student who's used this app to pass multiple examinations and quizzes. my experience was wonderful they summarize your notes, create tests, quizzes, mock exams and genuinely help you prepare and sight your weakness for free. it's works for me because I can't afford the other apps that require payment so this is amazing.",0,2025-12-19 03:39:43
com.studocu.app,Studocu: AI Notes & Summaries,,Jozi Zaniq,5,very helpful app,0,2025-12-18 16:22:44
com.studocu.app,Studocu: AI Notes & Summaries,,Md Ibrahim,1,very slow app,0,2025-12-18 14:27:42
com.studocu.app,Studocu: AI Notes & Summaries,,Muna Ahemdin,5,mashaallah,0,2025-12-18 13:36:08
com.studocu.app,Studocu: AI Notes & Summaries,,Lwando Lewis,5,very resourceful app. appreciate it so much,0,2025-12-17 17:18:52
com.studocu.app,Studocu: AI Notes & Summaries,,Monica Arulanatham,5,how to download documents,0,2025-12-17 16:38:00
com.studocu.app,Studocu: AI Notes & Summaries,,Frosty Phoenix,5,"good for all, loved it , ui is freshly polished , the experience is just wow , plus those who can't afford the most monthly sub u can always enjoy the free version it's that helpful,9/10",0,2025-12-17 14:31:12
com.studocu.app,Studocu: AI Notes & Summaries,,Fahad Ahammed,5,"if you want to find some lecture notes/study notes for your course or subjects which isn’t available/badly need them, this app can help you.... as well as the quiz system....👍",12,2025-12-17 09:33:11
com.studocu.app,Studocu: AI Notes & Summaries,,Skype Aluqw,5,awesome,0,2025-12-17 09:13:24
com.studocu.app,Studocu: AI Notes & Summaries,,Kleynnpuig Cordova,5,very educational,0,2025-12-16 12:37:06
com.studocu.app,Studocu: AI Notes & Summaries,,Sanele Nhlakanipho Mthethwa,5,the app contains every information needed to study,0,2025-12-16 07:20:53
com.studocu.app,Studocu: AI Notes & Summaries,,Adv. Yugandhar M R,5,very good and helpful for exams preparation,1,2025-12-15 05:10:47
com.studocu.app,Studocu: AI Notes & Summaries,,Chika,1,it's not letting me even to open it at all both on my phone and laptop,0,2025-12-15 02:53:16
com.studocu.app,Studocu: AI Notes & Summaries,,Tanuja Joshi,4,if you know exactly what you're looking for then studoco never disappoint you....just type course and topic with sem and that's it☺️,1,2025-12-14 10:42:51
com.studocu.app,Studocu: AI Notes & Summaries,,Nikita Khandait,4,👍,0,2025-12-14 05:58:54
com.studocu.app,Studocu: AI Notes & Summaries,,Lordsoterios Etuwewe,4,great!,0,2025-12-14 04:54:44
com.studocu.app,Studocu: AI Notes & Summaries,,Samigo Sammy,5,nice app ever used,0,2025-12-13 21:40:33
com.studocu.app,Studocu: AI Notes & Summaries,,Santosh Saini,5,best app,0,2025-12-13 15:37:49
com.studocu.app,Studocu: AI Notes & Summaries,,Mahwish Abid,5,This app is superb,0,2025-12-13 13:28:49
com.studocu.app,Studocu: AI Notes & Summaries,,Adis,5,such a perfect app with full content and free from scum. It will really helps in your academic journey through many means.,1,2025-12-13 12:12:31
com.studocu.app,Studocu: AI Notes & Summaries,,Abdela Egahle,5,Perfect!!,0,2025-12-12 23:04:12
com.studocu.app,Studocu: AI Notes & Summaries,,Shubham Kaushal,5,"For me, Studocu has been an incredibly useful app. It provides high-quality and well-organized study materials that make my preparation much easier. I find the notes clear, reliable, and very helpful during exams. Overall, it’s one of the best platforms I’ve used for academic support.",22,2025-12-12 21:00:22
easynotes.notes.notepad.notebook.privatenotes.note,Easy Notes - Note Taking Apps,,Venkatesan K,5,super super,0,2026-01-06 17:04:27
easynotes.notes.notepad.notebook.privatenotes.note,Easy Notes - Note Taking Apps,,Aditya Tyagi,5,Ohsome means AWESOME,0,2026-01-06 16:44:06
easynotes.notes.notepad.notebook.privatenotes.note,Easy Notes - Note Taking Apps,,Nargis Parvin,5,nice note,0,2026-01-06 14:59:33
easynotes.notes.notepad.notebook.privatenotes.note,Easy Notes - Note Taking Apps,,Kim Lim,5,I like it,0,2026-01-06 13:17:27
easynotes.notes.notepad.notebook.privatenotes.note,Easy Notes - Note Taking Apps,,Preston,5,great app 👍!,0,2026-01-06 08:36:34
easynotes.notes.notepad.notebook.privatenotes.note,Easy Notes - Note Taking Apps,,Gilboy Buna,5,"The best app i ever use,the design is so cute",0,2026-01-06 06:42:47
easynotes.notes.notepad.notebook.privatenotes.note,Easy Notes - Note Taking Apps,,Joseph Thomas,5,its good,0,2026-01-06 05:44:17
easynotes.notes.notepad.notebook.privatenotes.note,Easy Notes - Note Taking Apps,,SELF STUDY SVADHYAYA,5,आरंभिक अनुभव बहुत अच्छे हैं,0,2026-01-06 04:50:53
easynotes.notes.notepad.notebook.privatenotes.note,Easy Notes - Note Taking Apps,,Joel Chiong,5,Nice,0,2026-01-06 04:14:44
easynotes.notes.notepad.notebook.privatenotes.note,Easy Notes - Note Taking Apps,,Athulya Suresh,4,such a useful app.. but it would be nice if it has more features for free..,0,2026-01-06 03:41:02
easynotes.notes.notepad.notebook.privatenotes.note,Easy Notes - Note Taking Apps,,Only Learning,5,nice nice 👍,0,2026-01-06 03:19:16
easynotes.notes.notepad.notebook.privatenotes.note,Easy Notes - Note Taking Apps,,Sudhir Kumar,5,वेरी नाइस,0,2026-01-06 03:03:09
easynotes.notes.notepad.notebook.privatenotes.note,Easy Notes - Note Taking Apps,,Sariya Seekaran,5,i love using this app to make my outfits of the week because I often have trouble remembering what I chose to wear each day!,0,2026-01-06 02:52:24
easynotes.notes.notepad.notebook.privatenotes.note,Easy Notes - Note Taking Apps,,Aditya sul,5,very good,0,2026-01-06 02:23:30
easynotes.notes.notepad.notebook.privatenotes.note,Easy Notes - Note Taking Apps,,Joe Bright,5,Cool,0,2026-01-05 20:24:55
easynotes.notes.notepad.notebook.privatenotes.note,Easy Notes - Note Taking Apps,,Sehaj Kaur,5,awesome,0,2026-01-05 19:33:49
easynotes.notes.notepad.notebook.privatenotes.note,Easy Notes - Note Taking Apps,,Abhinav Pandey,5,"this is best for my studies, and my parents, i study easly with the company doesn't need to this app it is best already.",0,2026-01-05 17:32:04
easynotes.notes.notepad.notebook.privatenotes.note,Easy Notes - Note Taking Apps,,BIBHAS JANA,5,ok,0,2026-01-05 16:20:18
easynotes.notes.notepad.notebook.privatenotes.note,Easy Notes - Note Taking Apps,,rambo rambro,5,I like the theme. it's so cute. and I get to write everything. Even if its about groceries to buy at the store. or basic notes. Love it.,0,2026-01-05 12:44:45
easynotes.notes.notepad.notebook.privatenotes.note,Easy Notes - Note Taking Apps,,ZYRIL MAXENE AUTOR,5,i become more responsible,0,2026-01-05 12:18:18
easynotes.notes.notepad.notebook.privatenotes.note,Easy Notes - Note Taking Apps,,SUNIL YADAV,4,sooo nice to make notes 🌸🌸,0,2026-01-05 11:58:07
easynotes.notes.notepad.notebook.privatenotes.note,Easy Notes - Note Taking Apps,,Oluwadamilare Ogunfunminiyi,5,I have been very happy with my experience using the App. I just wish the locking of the diary could be removed from the Premium offer.,0,2026-01-05 10:27:52
easynotes.notes.notepad.notebook.privatenotes.note,Easy Notes - Note Taking Apps,,Celeste Martinez,5,lovely app,0,2026-01-05 08:33:27
easynotes.notes.notepad.notebook.privatenotes.note,Easy Notes - Note Taking Apps,,Vinod Bahade,5,छान आहे,0,2026-01-05 08:05:34
easynotes.notes.notepad.notebook.privatenotes.note,Easy Notes - Note Taking Apps,,Siddu Jamakhandi,5,it is better than some other note pad apps,0,2026-01-05 05:32:45
easynotes.notes.notepad.notebook.privatenotes.note,Easy Notes - Note Taking Apps,,Mahsurri Glover,5,happy 😊,0,2026-01-05 05:12:26
easynotes.notes.notepad.notebook.privatenotes.note,Easy Notes - Note Taking Apps,,K Ervin,5,smooth operation. use with ease.,0,2026-01-04 23:39:38
easynotes.notes.notepad.notebook.privatenotes.note,Easy Notes - Note Taking Apps,,Rengasamy Manobharath,5,good,0,2026-01-04 22:33:10
easynotes.notes.notepad.notebook.privatenotes.note,Easy Notes - Note Taking Apps,,Jasim Muse,1,bad product,0,2026-01-04 21:32:23
easynotes.notes.notepad.notebook.privatenotes.note,Easy Notes - Note Taking Apps,,G P,5,organized perfectly and easy to use.,0,2026-01-04 20:21:06
easynotes.notes.notepad.notebook.privatenotes.note,Easy Notes - Note Taking Apps,,Dijan Dijan,5,good,0,2026-01-04 19:02:00
easynotes.notes.notepad.notebook.privatenotes.note,Easy Notes - Note Taking Apps,,Melody Balonzo,5,easy to use and recommendable,0,2026-01-04 17:15:42
easynotes.notes.notepad.notebook.privatenotes.note,Easy Notes - Note Taking Apps,,mahdi hodaee,5,Nice,0,2026-01-04 16:07:59
easynotes.notes.notepad.notebook.privatenotes.note,Easy Notes - Note Taking Apps,,Marana Devan,5,good,0,2026-01-04 13:34:33
easynotes.notes.notepad.notebook.privatenotes.note,Easy Notes - Note Taking Apps,,Aditya Bathri,4,“Simple and fast notes app. Easy to use for daily and school notes. Good work!”,0,2026-01-04 07:19:56
easynotes.notes.notepad.notebook.privatenotes.note,Easy Notes - Note Taking Apps,,Anshika dubey,5,"This app is wonderful, The writing fronts are amazing to make your notes This app is absolutely useful try and use this app . I also use this app to make my to do and also to use notes . At last I will say the best notes app I found is this amazed 👏 😍 . So who so ever is reading this I say that for 1 time try this app 🤔 and I definitely say that you like this app . so don't wait and downloaded nowww !!! 🤩",0,2026-01-04 06:02:28
easynotes.notes.notepad.notebook.privatenotes.note,Easy Notes - Note Taking Apps,,The Traveler,5,I like it. helps me stay a bit organized .,0,2026-01-04 04:08:26
easynotes.notes.notepad.notebook.privatenotes.note,Easy Notes - Note Taking Apps,,Dharam Chandra,5,nice app and use full,0,2026-01-04 03:26:21
easynotes.notes.notepad.notebook.privatenotes.note,Easy Notes - Note Taking Apps,,Rizpah,5,This app is super cool,0,2026-01-03 16:08:42
easynotes.notes.notepad.notebook.privatenotes.note,Easy Notes - Note Taking Apps,,Sa Sak,5,Is great for me to note something I love it so much I promise it is good I swear it is good but is my opinion IDK about ur opinion,0,2026-01-03 16:04:16
easynotes.notes.notepad.notebook.privatenotes.note,Easy Notes - Note Taking Apps,,Nazrul Sardar,4,best note app,0,2026-01-03 15:55:59
easynotes.notes.notepad.notebook.privatenotes.note,Easy Notes - Note Taking Apps,,Malik Shaukat,5,i love this app,0,2026-01-03 13:49:45
easynotes.notes.notepad.notebook.privatenotes.note,Easy Notes - Note Taking Apps,,Sheri Hardin,5,like it so far,0,2026-01-03 12:36:27
easynotes.notes.notepad.notebook.privatenotes.note,Easy Notes - Note Taking Apps,,Vishal Pardhe,5,good,0,2026-01-03 10:31:09
easynotes.notes.notepad.notebook.privatenotes.note,Easy Notes - Note Taking Apps,,Jaswant Singh bora,5,best notebook,0,2026-01-03 09:15:37
easynotes.notes.notepad.notebook.privatenotes.note,Easy Notes - Note Taking Apps,,Vinoth Kumar,1,only ads - nothing else... for each and every click a 15 second ad pops up....,1,2026-01-03 08:01:36
easynotes.notes.notepad.notebook.privatenotes.note,Easy Notes - Note Taking Apps,,Sanjay Kumar,1,very bad experience with the aap,1,2026-01-03 06:31:27
easynotes.notes.notepad.notebook.privatenotes.note,Easy Notes - Note Taking Apps,,Aubree Castillo,4,It is really good for storing notes but you have to have a VIP to do certain things which I don't think that it should be like that,0,2026-01-03 05:13:23
easynotes.notes.notepad.notebook.privatenotes.note,Easy Notes - Note Taking Apps,,Ringgas Sitorus,5,"Wow, i made a lot of notes with this! and my grades went up HIGH and the fun was FINE! 5 stars, my best note app and W Easynotes",0,2026-01-03 04:08:23
easynotes.notes.notepad.notebook.privatenotes.note,Easy Notes - Note Taking Apps,,Saturnino Tanilon,5,EASY TO USE,0,2026-01-03 03:32:04
com.google.android.keep,Google Keep - Notes and lists,,J. A.,4,almost perfect. I lost a whole file because my hand slipped. an extra window pop up asking if I was sure I wanted to delete would have been ideal. but that file is gone forever.,0,2026-01-06 17:22:46
com.google.android.keep,Google Keep - Notes and lists,,Axel Angeles,5,Awesome,0,2026-01-06 17:17:37
com.google.android.keep,Google Keep - Notes and lists,,Abdallah Dagey,4,بسم الله. it's great and helpful. thanks.,0,2026-01-06 16:43:50
com.google.android.keep,Google Keep - Notes and lists,,Himanshi Rao,5,it's gud,0,2026-01-06 16:28:24
com.google.android.keep,Google Keep - Notes and lists,,Shivshankar Sagitra,4,best he👍👍👍,0,2026-01-06 16:25:49
com.google.android.keep,Google Keep - Notes and lists,,Vivek Yaduvanshi,5,very useful for students,0,2026-01-06 16:16:34
com.google.android.keep,Google Keep - Notes and lists,,Zubin Thakore,1,"Why have you made it mandatory to sync with Google tasks? Now, I got 2 reminders. Don't know why you would do that",0,2026-01-06 16:05:54
com.google.android.keep,Google Keep - Notes and lists,,Shamshad Akhtar Saifi,5,Shamshad Akhtar Saifi this is best,0,2026-01-06 15:55:44
com.google.android.keep,Google Keep - Notes and lists,,Deepak Parmar,5,nice 👍,0,2026-01-06 15:54:17
com.google.android.keep,Google Keep - Notes and lists,,Umesh tiwari,5,very good app,0,2026-01-06 15:43:25
com.google.android.keep,Google Keep - Notes and lists,,MD FERDOUSH JAMAN SWEET,5,Very Essential,0,2026-01-06 15:37:49
com.google.android.keep,Google Keep - Notes and lists,,Amit Baske,5,good 👍,0,2026-01-06 15:15:23
com.google.android.keep,Google Keep - Notes and lists,,Masud Alam,5,very good,0,2026-01-06 15:02:07
com.google.android.keep,Google Keep - Notes and lists,,Niharika Banjara,4,title name dene ka option hota to achha hota or achha hota baki best he,0,2026-01-06 14:52:19
com.google.android.keep,Google Keep - Notes and lists,,Arfidya Febi,4,"I have been using this app for so long but i have been noticing that for a note-taking app the typing is not really optimized, it lags quite a lot. and its quite heavy, my phone heats up when i use it and a few websites open. idk if it is just me.",0,2026-01-06 14:50:57
com.google.android.keep,Google Keep - Notes and lists,,Boris Montiel,1,I can not print a note,0,2026-01-06 14:48:14
com.google.android.keep,Google Keep - Notes and lists,,Elman A.M.,3,After installing Google calendar thw application doesn't remind the notes on the time I have set,1,2026-01-06 14:33:14
com.google.android.keep,Google Keep - Notes and lists,,Atish Maganlal,4,Sometimes very slow when loading default notes page.,0,2026-01-06 14:21:59
com.google.android.keep,Google Keep - Notes and lists,,Sujon Mia,5,Very good service,0,2026-01-06 14:20:28
com.google.android.keep,Google Keep - Notes and lists,,Merliah Dataro,5,it's really good for writing down reports here when you're too lazy to write it down and you can also write some lore for your characters so that you don't forget or make a POV of a character so uhm it's really good.,0,2026-01-06 14:17:47
com.google.android.keep,Google Keep - Notes and lists,,anil kumawat,5,nice,0,2026-01-06 14:16:23
com.google.android.keep,Google Keep - Notes and lists,,Murray Stewart,4,great - sometimes looses link between our phones - restart required - might be the phones tbh,0,2026-01-06 14:11:58
com.google.android.keep,Google Keep - Notes and lists,,Tantely Andriatsaratany,3,I realy appreciate this app. It is very helpful and practical.,0,2026-01-06 14:06:49
com.google.android.keep,Google Keep - Notes and lists,,Work God,5,Love this app. please add AI,0,2026-01-06 13:41:49
com.google.android.keep,Google Keep - Notes and lists,,Grace O’Carroll,4,"it's great and suitable for everyday use but it misses some features like a side-note to make us be able to add notes or from every screen, just like previous versions of Xiaomi Notes. thanks 🦋",0,2026-01-06 13:27:00
com.google.android.keep,Google Keep - Notes and lists,,apriliana karamoy,5,bermanfaat dan membantu banget utk simpan catatan penting.,0,2026-01-06 12:20:44
com.google.android.keep,Google Keep - Notes and lists,,John Rey Villamedo,2,"The app lags a lot, especially when taking notes for a long time. This app became more unstable.",0,2026-01-06 12:20:34
com.google.android.keep,Google Keep - Notes and lists,,Aryan wazir,3,the new feature that give notification from task calender app is very annoying and not good as it was when keep give notification differentiate both.,0,2026-01-06 11:54:31
com.google.android.keep,Google Keep - Notes and lists,,Nina jean Lumactod,5,its very nice,0,2026-01-06 11:43:28
com.google.android.keep,Google Keep - Notes and lists,,Piyush Bhanot,5,best app,0,2026-01-06 11:42:52
com.google.android.keep,Google Keep - Notes and lists,,Roger Verona,4,much better if there's a lock for opening or deleting,0,2026-01-06 11:42:01
com.google.android.keep,Google Keep - Notes and lists,,Matt Harley,3,Notifications not working since last update,0,2026-01-06 11:31:41
com.google.android.keep,Google Keep - Notes and lists,,DEVIL KING Shohag,5,Nice....,0,2026-01-06 11:22:40
com.google.android.keep,Google Keep - Notes and lists,,Mayur Dhuru,5,easy to use,0,2026-01-06 11:21:19
com.google.android.keep,Google Keep - Notes and lists,,Ramkaran Patir,5,bahut hi achha app hai,0,2026-01-06 11:09:54
com.google.android.keep,Google Keep - Notes and lists,,Muhammad Farhan,1,great,0,2026-01-06 10:30:02
com.google.android.keep,Google Keep - Notes and lists,,Parmanand Yadav,5,veri nice not booked,0,2026-01-06 10:27:01
com.google.android.keep,Google Keep - Notes and lists,,Stef van der Vleuten,2,"Down another star. long press multiple notes often doesn't show the contec menu for delete and such. some time ago they also increased vertical spacing, so now you constantly have to scroll... Why....",0,2026-01-06 10:12:29
com.google.android.keep,Google Keep - Notes and lists,,Nitesh Pandit,5,Best of All note keeping Devices !,0,2026-01-06 10:03:41
com.google.android.keep,Google Keep - Notes and lists,,Md Rajib,5,Great note.,0,2026-01-06 09:53:39
com.google.android.keep,Google Keep - Notes and lists,,upendra raju,4,very Useful,0,2026-01-06 09:53:20
com.google.android.keep,Google Keep - Notes and lists,,Marko Radulovic,5,ver handy app!!!,0,2026-01-06 09:31:34
com.google.android.keep,Google Keep - Notes and lists,,Genice Insco,5,"was asking questions about a medical need and Google took me to a lot of information i had no ideal about , even gave a grocery shopping list to help with my niece's problem 😊😊👍👍",0,2026-01-06 09:15:21
com.google.android.keep,Google Keep - Notes and lists,,Rajeev Kashyap,4,good,0,2026-01-06 09:06:25
com.google.android.keep,Google Keep - Notes and lists,,Ashish,5,Please add fingerprint lock for better safety notes.,0,2026-01-06 08:54:03
com.google.android.keep,Google Keep - Notes and lists,,Vincent Law,1,Forcing you to install 2 other apps to get notifications is BS. Bring back the old app.,0,2026-01-06 08:26:17
com.google.android.keep,Google Keep - Notes and lists,,prince desai,5,good 👍🏻,0,2026-01-06 08:19:13
com.google.android.keep,Google Keep - Notes and lists,,Ethan Lin,4,"Works great, tiles work great, but you should be able to edit notes",0,2026-01-06 08:06:12
com.google.android.keep,Google Keep - Notes and lists,,Sooraj RP,5,very usefull.,0,2026-01-06 08:02:57
com.google.android.keep,Google Keep - Notes and lists,,Vedant G,5,best class app,0,2026-01-06 07:50:01
evolly.app.ainote,AI Note Taker - Voice to Notes,,Beverley Newton,1,not what you expect when you talk it makes it up and I used it for a 2 person chat and lost loads of work .don't down load this app,0,2026-01-06 17:25:56
evolly.app.ainote,AI Note Taker - Voice to Notes,,Kendra Jacobs,1,I've not had success. In two important meetings I relied on this app only for it to crash or record but the content wasn't available.,0,2026-01-04 02:26:35
evolly.app.ainote,AI Note Taker - Voice to Notes,,Stanley .I Nkhoma,5,splendid,0,2025-12-31 18:46:26
evolly.app.ainote,AI Note Taker - Voice to Notes,,Fathima Zahra,1,didn't work it was showing that it cannot generate.,0,2025-12-27 18:55:21
evolly.app.ainote,AI Note Taker - Voice to Notes,,Nolubabalo,3,good work so far,0,2025-12-18 15:54:34
evolly.app.ainote,AI Note Taker - Voice to Notes,,kerlEQT,1,"It's useless. All of a sudden AI note taker is transcribing English audio into an Asian written language. Because this was the original transcription, the translation to English is gibberish. There is no way of changing the app default back to English.",0,2025-12-16 21:14:58
evolly.app.ainote,AI Note Taker - Voice to Notes,,Moses Chikosa Chipoya,3,so far so good,0,2025-11-22 19:28:23
evolly.app.ainote,AI Note Taker - Voice to Notes,,Kimberly Cooper,1,I recorded three very important meetings using this horrible app and it lost my files!!!!! Don't not waste your time!,1,2025-11-16 14:11:27
evolly.app.ainote,AI Note Taker - Voice to Notes,,Nirmitha Gankanda,5,this is very useful..,1,2025-11-15 16:25:09
evolly.app.ainote,AI Note Taker - Voice to Notes,,J.C Muyonjo,5,amazing!!!,0,2025-11-15 11:39:03
evolly.app.ainote,AI Note Taker - Voice to Notes,,Tanakah Chivandire,4,I good app,0,2025-11-09 11:25:14
evolly.app.ainote,AI Note Taker - Voice to Notes,,Paula Temgoua,5,oh my God quel soulagement ! Ça fonctionne à merveille. Merci pour le gain de temps incroyable !,0,2025-11-01 12:38:40
evolly.app.ainote,AI Note Taker - Voice to Notes,,Ohoud Faisal,4,"I think it's very good, but there's a small problem: the phrasing isn't clear and is too small. I hope you will fix this. 💖",6,2025-10-30 23:50:02
evolly.app.ainote,AI Note Taker - Voice to Notes,,Harun Salcinovic,5,This app really helps with students who have long documents and want to learn the main thing in the document. This app tests you with quizzes and summarises all of the files,11,2025-10-26 20:56:57
evolly.app.ainote,AI Note Taker - Voice to Notes,,Sarah Haidar,2,bad add doesnt take long meetings!!,1,2025-10-20 14:31:31
evolly.app.ainote,AI Note Taker - Voice to Notes,,Jannatul Ferdous,5,wow just amazing 🥰love it😍,0,2025-10-04 10:54:12
evolly.app.ainote,AI Note Taker - Voice to Notes,,hamza saoud,5,Amazing and very helpful to study Thank you very much,0,2025-09-18 21:54:44
evolly.app.ainote,AI Note Taker - Voice to Notes,,Maia Dewidar,1,not working fake after I paid i regret it,0,2025-09-14 15:37:23
evolly.app.ainote,AI Note Taker - Voice to Notes,,Mercy Obeng Owusu,5,is the best 👌,0,2025-09-10 19:23:37
evolly.app.ainote,AI Note Taker - Voice to Notes,,Francis Dada,5,great results,0,2025-09-06 09:53:03
evolly.app.ainote,AI Note Taker - Voice to Notes,,Ehimen Odiase,5,Nice,0,2025-08-26 10:40:01
evolly.app.ainote,AI Note Taker - Voice to Notes,,Lakhan Kuril,5,excellent app so far,0,2025-08-22 18:59:50
evolly.app.ainote,AI Note Taker - Voice to Notes,,Uttra5E Gupta,3,good,0,2025-08-11 14:12:02
evolly.app.ainote,AI Note Taker - Voice to Notes,,cassie M,1,as soon as I downloaded the app my whole computer started to glitch,0,2025-08-01 01:22:21
evolly.app.ainote,AI Note Taker - Voice to Notes,,Mbali Ngwanya,5,best app for note's,0,2025-07-27 15:33:50
evolly.app.ainote,AI Note Taker - Voice to Notes,,Heather Gibson,5,"I love it! it makes ,you notes something easier to read",6,2025-07-26 22:11:13
evolly.app.ainote,AI Note Taker - Voice to Notes,,Zafar Afzal,1,How to cancel the subscription,0,2025-07-24 11:24:38
evolly.app.ainote,AI Note Taker - Voice to Notes,,abdulaziz alyahya,4,Good,0,2025-07-17 14:46:44
evolly.app.ainote,AI Note Taker - Voice to Notes,,Carol Cooky Ng,5,"Initially I was annoyed as I got the app to transcribe a voice note that's spoken in English but it transcribed it to Malay (my country's language) which I didn't want it to and there seems to be no way to get the English version of the transcription, only the summary notes. Realized later than I need to set the language to English and not default before recording. So a bit silly there but otherwise the transcription is pretty good.",21,2025-07-16 11:32:29
evolly.app.ainote,AI Note Taker - Voice to Notes,,Jacob Yeki,5,Best application.,0,2025-07-16 01:31:23
evolly.app.ainote,AI Note Taker - Voice to Notes,,Samuel Bassey,5,This app is quite productive especially when it comes to summarizing your notes into a more clear and detailed summary. I recommend it. However I appeal they should be more flexible with their payment demands ( subscriptions),9,2025-07-13 18:58:07
evolly.app.ainote,AI Note Taker - Voice to Notes,,Milika Baukitoga- Naulumatua,1,"Personally, I applaud your customer service. After my initial feedback, I feel that you have improved dramatically. I have received my refund, to which I am grateful. Thank you for your assistance and consideration. Vinaka vakalevu",0,2025-07-08 21:40:27
evolly.app.ainote,AI Note Taker - Voice to Notes,,Jesse,5,absolutely incredible app,1,2025-07-07 13:33:41
evolly.app.ainote,AI Note Taker - Voice to Notes,,Imre Ádám,1,scam,0,2025-07-05 18:57:46
evolly.app.ainote,AI Note Taker - Voice to Notes,,Jecinta Mary,5,good,0,2025-07-01 23:33:20
evolly.app.ainote,AI Note Taker - Voice to Notes,,Tunde David,5,This is wonderful,0,2025-06-25 20:25:33
evolly.app.ainote,AI Note Taker - Voice to Notes,,bamidele bashiru,5,very very interesting and helpful,1,2025-06-05 15:35:18
evolly.app.ainote,AI Note Taker - Voice to Notes,,Simon Ora,5,Exceptional,0,2025-05-31 15:31:38
evolly.app.ainote,AI Note Taker - Voice to Notes,,Ekene Enyioma,5,nice,0,2025-05-25 20:10:51
evolly.app.ainote,AI Note Taker - Voice to Notes,,Garth Armstrong,1,Just didn't work,0,2025-05-22 15:33:07
evolly.app.ainote,AI Note Taker - Voice to Notes,,Patrick65 Sita,3,will give more stars soon as I said efficiency of this app,0,2025-05-22 09:02:01
evolly.app.ainote,AI Note Taker - Voice to Notes,,Lina Mustapa,2,you need really good mic because recording in my car gets the audio so warbled that it makes up random things based on the warped sounds it picks up,0,2025-05-20 01:59:21
evolly.app.ainote,AI Note Taker - Voice to Notes,,Darlene U. Anselm Anyanwu,1,"after payment, only one transcript and no more..no options to know what the issues were not solutions offered.. this is a rip off",3,2025-05-19 23:57:26
evolly.app.ainote,AI Note Taker - Voice to Notes,,Zarith Sophia,5,oh my gosshhh. its really nice byt u csn generate longer if u subscribe ^^,0,2025-05-19 13:53:46
evolly.app.ainote,AI Note Taker - Voice to Notes,,Lebani Trandy Ntelecha,1,not too accurate,1,2025-05-18 15:06:22
evolly.app.ainote,AI Note Taker - Voice to Notes,,Charity Queen Mjoka,5,so easy to use and takes all the hardwork of writing and puylt it in rit manner and category,4,2025-05-17 21:58:37
evolly.app.ainote,AI Note Taker - Voice to Notes,,Giovanni,1,"there should be an easier way to cancel my subscription. These guys make it too hard, scammers.",2,2025-05-11 14:43:38
evolly.app.ainote,AI Note Taker - Voice to Notes,,Ken Roberts II,1,lost my first audio recording and it wouldn't transcribe to notes just kept saying error. Go with otter or firefly,1,2025-05-09 01:57:12
evolly.app.ainote,AI Note Taker - Voice to Notes,,Amarah Peck,5,cool,0,2025-05-08 17:06:40
evolly.app.ainote,AI Note Taker - Voice to Notes,,Trecia Walters,1,didn't work for me. I lost 2 hours' worth of an Exec meeting minutes and left me scrambling to remember what was said. I contacted support twice via email and got no response,2,2025-05-07 19:54:55
newway.good.note.ai.notepad.notebook.checklist.gpt,AI Notes & Transcribe Memo,,Anthony Audain,5,very handy easy to use,0,2026-01-02 02:06:04
newway.good.note.ai.notepad.notebook.checklist.gpt,AI Notes & Transcribe Memo,,Rajagopalan Nanjundan,5,A nice app .,0,2025-12-28 10:25:01
newway.good.note.ai.notepad.notebook.checklist.gpt,AI Notes & Transcribe Memo,,Mohd Rizal Jemain,1,apps flicker over time..,0,2025-12-10 02:09:59
newway.good.note.ai.notepad.notebook.checklist.gpt,AI Notes & Transcribe Memo,,Reid Allen Fugate (pathologicalcoma),5,It's just a great program to put all of your ideas together into one comprehensive piece of information.,0,2025-12-05 02:44:59
newway.good.note.ai.notepad.notebook.checklist.gpt,AI Notes & Transcribe Memo,,Jae World,4,"While the app works about 90% of the time. Today, as of December 1, 2025. The message that I've repeatedly gotten today for over the span of significant hours is ""An error occurred when generating the transcript, please try again!"" I even tried restarting my cellphone, clearing my cache and history, as well as uninstalling the app and reinstalling the app. It's still doing the same thing, so I don't know what's going on.",7,2025-12-02 02:18:24
newway.good.note.ai.notepad.notebook.checklist.gpt,AI Notes & Transcribe Memo,,Ericson “Noscire Dadskie” Dado,5,good,0,2025-11-25 14:05:34
newway.good.note.ai.notepad.notebook.checklist.gpt,AI Notes & Transcribe Memo,,Dorothee Aklagbe Sunday,5,recording and write down,0,2025-11-25 11:08:39
newway.good.note.ai.notepad.notebook.checklist.gpt,AI Notes & Transcribe Memo,,Shayne Vergara,1,I can't play the recording. It says audio fail!,0,2025-11-18 13:57:46
newway.good.note.ai.notepad.notebook.checklist.gpt,AI Notes & Transcribe Memo,,Angel Burnett-Ashwin,3,not the best. didn't translate tamil,0,2025-11-18 00:38:32
newway.good.note.ai.notepad.notebook.checklist.gpt,AI Notes & Transcribe Memo,,Cee Dee,1,Does not work.,0,2025-11-14 09:30:26
newway.good.note.ai.notepad.notebook.checklist.gpt,AI Notes & Transcribe Memo,,syahmi irfan,1,I can't even open the app and it keeps loading and I haven't able to use the app,0,2025-11-05 03:29:34
newway.good.note.ai.notepad.notebook.checklist.gpt,AI Notes & Transcribe Memo,,Hidayah Suliman,5,Nur Hidayah suliman takl to my manager 🎤🎶 terima kasih alhamdulillah ships are,0,2025-11-04 01:36:40
newway.good.note.ai.notepad.notebook.checklist.gpt,AI Notes & Transcribe Memo,,Adlin VIKL,1,"I recorded meetings. Translated to Malay. Transript looked like spanish. And when translated, didnt mention a thing that was discussed & was useless. Tried 3 times. Same issue. An utter waste of money.",3,2025-10-28 14:32:27
newway.good.note.ai.notepad.notebook.checklist.gpt,AI Notes & Transcribe Memo,,naqibmustaqim mustaqim,1,"cakap lain, bagi ayat lain",0,2025-10-16 23:31:49
newway.good.note.ai.notepad.notebook.checklist.gpt,AI Notes & Transcribe Memo,,Molemole Seima,1,"Unauthorized deduction after cancelation, the app was supposed to be canceled on the 9th, on the 13th I get a deduction, can I be refunded",0,2025-10-13 20:26:48
newway.good.note.ai.notepad.notebook.checklist.gpt,AI Notes & Transcribe Memo,,Subrat Swain,1,Best,0,2025-10-09 08:14:15
newway.good.note.ai.notepad.notebook.checklist.gpt,AI Notes & Transcribe Memo,,Supachai Saengnak,5,Have a good functions to use as I need.,0,2025-10-08 12:32:34
newway.good.note.ai.notepad.notebook.checklist.gpt,AI Notes & Transcribe Memo,,Alejandra rodriguez,1,"when I first got it work well, but now I am having sooooo much issue it doesnt transcript anything I literally wasted 1 hrs and it didnt want to transcript my recording",3,2025-10-07 22:43:33
newway.good.note.ai.notepad.notebook.checklist.gpt,AI Notes & Transcribe Memo,,Katokiau Tiaon,5,excellent app.,0,2025-10-07 22:39:01
newway.good.note.ai.notepad.notebook.checklist.gpt,AI Notes & Transcribe Memo,,Gail Courtwright,5,amazing 👏 🤩 🙀,0,2025-10-04 19:25:22
newway.good.note.ai.notepad.notebook.checklist.gpt,AI Notes & Transcribe Memo,,Preet Sandhu,1,crashing like anything,0,2025-09-28 10:46:26
newway.good.note.ai.notepad.notebook.checklist.gpt,AI Notes & Transcribe Memo,,Hannah Faye Mutia,5,nice app. very helpful,0,2025-09-28 04:17:49
newway.good.note.ai.notepad.notebook.checklist.gpt,AI Notes & Transcribe Memo,,Catatan Kang Asep,5,keren bingit,0,2025-09-27 01:14:09
newway.good.note.ai.notepad.notebook.checklist.gpt,AI Notes & Transcribe Memo,,mahveen fatima,1,HORRIBLE WASTE OF TIME. I RECORDED MY MEETING FOR AN HOUR IT DIDNT EVEN SAVE IT,0,2025-09-24 19:32:26
newway.good.note.ai.notepad.notebook.checklist.gpt,AI Notes & Transcribe Memo,,Kung Foody,5,Sekarang merasa puas dengan aplikasi ini,0,2025-09-22 15:46:59
newway.good.note.ai.notepad.notebook.checklist.gpt,AI Notes & Transcribe Memo,,Maryam zara,5,"This is the best note taking app ever! no other words needed, it's just amazing! 😊",0,2025-09-20 22:20:56
newway.good.note.ai.notepad.notebook.checklist.gpt,AI Notes & Transcribe Memo,,Neha Singh,1,"even after paying for the app the app doesnt transcript the audio, dont waste your money.",3,2025-09-20 06:56:21
newway.good.note.ai.notepad.notebook.checklist.gpt,AI Notes & Transcribe Memo,,Tanyaradzwa Tenesi,2,app was good but is now glitching and won't open. failing to retrieve saved notes,1,2025-09-10 15:47:41
newway.good.note.ai.notepad.notebook.checklist.gpt,AI Notes & Transcribe Memo,,Shubhendu Pal,2,Not accurate at all. Nags for payment.. too much!!,0,2025-09-08 08:10:11
newway.good.note.ai.notepad.notebook.checklist.gpt,AI Notes & Transcribe Memo,,Richard I. A.,4,it's ok so far,0,2025-09-06 10:08:16
newway.good.note.ai.notepad.notebook.checklist.gpt,AI Notes & Transcribe Memo,,RAM CHAUDHARY,5,👍🏻,0,2025-09-02 06:07:23
newway.good.note.ai.notepad.notebook.checklist.gpt,AI Notes & Transcribe Memo,,Samuel Aidoo,5,Great app 👍👍👍,0,2025-09-01 20:01:23
newway.good.note.ai.notepad.notebook.checklist.gpt,AI Notes & Transcribe Memo,,Tanishqa Wagh,5,good 👍,0,2025-08-30 15:14:24
newway.good.note.ai.notepad.notebook.checklist.gpt,AI Notes & Transcribe Memo,,Hamid Bin Sabran,5,paduu,0,2025-08-30 14:47:22
newway.good.note.ai.notepad.notebook.checklist.gpt,AI Notes & Transcribe Memo,,Sis,5,I like,0,2025-08-26 16:34:02
newway.good.note.ai.notepad.notebook.checklist.gpt,AI Notes & Transcribe Memo,,Janvier KAREGEYA,5,best of the best,0,2025-08-25 22:36:03
newway.good.note.ai.notepad.notebook.checklist.gpt,AI Notes & Transcribe Memo,,Kashi,5,I never find better than this app... Easy and convenient,0,2025-08-24 06:08:36
newway.good.note.ai.notepad.notebook.checklist.gpt,AI Notes & Transcribe Memo,,Milton Robertson,5,One-stop AI. Very easy to use. Highly recommended and informative.,6,2025-08-21 23:57:12
newway.good.note.ai.notepad.notebook.checklist.gpt,AI Notes & Transcribe Memo,,ACEPL,2,"Good. But needs lot of improvements. For many YouTube videos I am receiving the following message, even when the YouTube video has transcript. ""Transcript is not available for this video, please try another YouTube video!""",1,2025-08-20 06:11:19
newway.good.note.ai.notepad.notebook.checklist.gpt,AI Notes & Transcribe Memo,,Nakhiwe Minnie,5,Best thing ever,0,2025-08-19 20:43:23
newway.good.note.ai.notepad.notebook.checklist.gpt,AI Notes & Transcribe Memo,,Chhornchan Vuthy,5,Well,0,2025-08-18 02:12:05
newway.good.note.ai.notepad.notebook.checklist.gpt,AI Notes & Transcribe Memo,,anuoluwa ademola,5,wow,0,2025-08-17 09:27:00
newway.good.note.ai.notepad.notebook.checklist.gpt,AI Notes & Transcribe Memo,,SJ B,1,does not work as described. waste of money. and they refused a refund. the transcripts were so far off from what was said. there is nothing to video I deleted it as it was junk and filed a claim with Google play and was denied.,7,2025-08-15 05:20:49
newway.good.note.ai.notepad.notebook.checklist.gpt,AI Notes & Transcribe Memo,,M A,1,"the app puts up and foremost the purchase of the subscription,the recording mostly there but ,if the done button disappears so does the recording.The transcript is mostly generated .So we should pay for a lagging app ?",0,2025-08-11 06:12:18
newway.good.note.ai.notepad.notebook.checklist.gpt,AI Notes & Transcribe Memo,,Venetta Enoh,5,best thing that happened to me. I love handwriting my ideas cause I am mere creative but typing it into digital format is a nightmare. with this tool I enjoy both worlds seamlessly. thank you.,22,2025-08-09 03:24:33
newway.good.note.ai.notepad.notebook.checklist.gpt,AI Notes & Transcribe Memo,,Timothy Frazier,2,"Seems like a really good app, but for some reason it keeps crashing on me. It's really just a gamble on whether or not it works. I would buy premium if the app was actually stable.",0,2025-08-03 06:42:21
newway.good.note.ai.notepad.notebook.checklist.gpt,AI Notes & Transcribe Memo,,Anshuman Singh Gaharwar,1,not correctly transcribing everything,0,2025-07-29 12:53:59
newway.good.note.ai.notepad.notebook.checklist.gpt,AI Notes & Transcribe Memo,,Iyabo Gift Alabi,5,it's super easy to use,0,2025-07-27 18:23:35
newway.good.note.ai.notepad.notebook.checklist.gpt,AI Notes & Transcribe Memo,,Barry Diawara,5,"it's exciting, it's a learning process, and I am looking for that.",1,2025-07-26 20:34:31
newway.good.note.ai.notepad.notebook.checklist.gpt,AI Notes & Transcribe Memo,,Q (白挪),1,not able to understand im which language I speak - cannot work for bilingual notes - even a basic GPT can do it for free - useless product,0,2025-07-25 10:37:56
com.sota.ainotex,"NoteX: AI Note Taker, Notebook",,Dee Dee Carr,3,"It was great in the beginning. I could record my speakerphone meetings with no problem at all, but now it never hears ANY of my meetings and that was what I needed the app for in the first place.",0,2026-01-04 22:10:48
com.sota.ainotex,"NoteX: AI Note Taker, Notebook",,B14,1,Sadly No lifetime subscription options in this app,0,2025-12-28 18:18:36
com.sota.ainotex,"NoteX: AI Note Taker, Notebook",,Fardin Alam,1,the app is good but it requires a subscription to do literally anything I would not recommend it if u want to make notes for free,1,2025-12-21 15:13:16
com.sota.ainotex,"NoteX: AI Note Taker, Notebook",,Kayode Oguntimehin,5,"As a student this app is a must, just listen to your lectures and allow NoteX AI to do it's job..I love it",0,2025-12-16 10:59:57
com.sota.ainotex,"NoteX: AI Note Taker, Notebook",,Christian Umirambe,5,this app is the best ai notes app that i have aver seen in my entire student life,0,2025-12-03 13:54:50
com.sota.ainotex,"NoteX: AI Note Taker, Notebook",,David Harper,5,Fantastic! It does singing as well!,3,2025-11-30 11:18:16
com.sota.ainotex,"NoteX: AI Note Taker, Notebook",,David Bennett,5,Just what I needed a simple note app.,0,2025-11-21 18:38:56
com.sota.ainotex,"NoteX: AI Note Taker, Notebook",,Sanaz Nasseri,5,من عاشقشم,0,2025-11-19 10:37:44
com.sota.ainotex,"NoteX: AI Note Taker, Notebook",,Divinus FiliuS,4,"Good idea, the app could use some polish overall. Though it just adds more complexity to your workflow, I my case, the benefits don't outweigh the down side of this. If you constantly rely on recording voice notes and that's your brainstorming process, this could be a game-changer.",2,2025-11-19 00:24:48
com.sota.ainotex,"NoteX: AI Note Taker, Notebook",,Shailendra Naik,5,"Very Useful AI Tool for lectures, taking notes. Best user experience.!!",2,2025-11-14 18:20:52
com.sota.ainotex,"NoteX: AI Note Taker, Notebook",,Alen Saviour Emmanuel,5,so so so so so perfect.....just wat I needed for lectures back up,0,2025-11-14 16:57:15
com.sota.ainotex,"NoteX: AI Note Taker, Notebook",,Hafez Mohammad,5,good,0,2025-11-07 09:28:15
com.sota.ainotex,"NoteX: AI Note Taker, Notebook",,Malik Walker,5,it's the goat,0,2025-11-06 15:37:24
com.sota.ainotex,"NoteX: AI Note Taker, Notebook",,Suhit Pawar,4,One of the best apps for note taking.,0,2025-11-02 08:12:26
com.sota.ainotex,"NoteX: AI Note Taker, Notebook",,kim myer,1,"when I read the reviews I was excited to see that it was the best free note taken app only to download it and find out I can't even get past the screen where I have to select a plan. $8.99 for a weekly subscription? For that $ , I'll just deal with Gemini. I will not help developers that are greedy and charge outrageous costs to have an app on their phone.",0,2025-10-24 16:45:16
com.sota.ainotex,"NoteX: AI Note Taker, Notebook",,Stephen Elsworth,1,Not worth wasting your time could be better.,1,2025-10-18 14:02:11
com.sota.ainotex,"NoteX: AI Note Taker, Notebook",,Chris Weber,2,it sounds good with the description of the app. But it's another app developer that does NOT mention that there is a fee.. and it starts at 8.99 A WEEK! are you kidding. You are not that needed in my books. I will spend my money somewhere else.,4,2025-10-17 11:24:06
com.sota.ainotex,"NoteX: AI Note Taker, Notebook",,Zachary Parrish,3,"it was working great at first, possibly one of the coolest and best apps I've ever used... BUT, then suddenly every time I try to use it, it says that there was no speech detected. even when there is definitely very clear speech the entire time. it tries to suggest that maybe the sound quality was bad or something but I know for a fact that the audio was perfectly clear.",4,2025-10-12 00:21:44
com.sota.ainotex,"NoteX: AI Note Taker, Notebook",,Anissa Djedjik,5,ABSOLUTELY AMAZING USED FOR EVERY SUBJECT,2,2025-10-11 18:37:02
com.sota.ainotex,"NoteX: AI Note Taker, Notebook",,Terry Clifford,1,I recorded a very important meeting and your app f'd up and didn't transcribe or save the audio. I want a refund. 😡,2,2025-10-10 23:48:57
com.sota.ainotex,"NoteX: AI Note Taker, Notebook",,Harvey Huihui,1,"Sucks. I can't leave my phone on its own without the app just stpp recording and not even save the recording. So after 20 mins of recording, I look at my phone and it's off. So as in the app just crashed. This happened 2 times too many 😭 . Sheesh. Frustrating app tbh. If u don't go premium, this app only works if your paying attention to your phone and trying to catch it before a crash then save your recording. Then you get a couldnt hear clear message. Uninstall!",5,2025-10-07 21:05:46
com.sota.ainotex,"NoteX: AI Note Taker, Notebook",,Joe Gibson,5,Exactly what I was looking for,1,2025-10-05 23:10:38
com.sota.ainotex,"NoteX: AI Note Taker, Notebook",,Zesty Braxx,5,great for note taking during class lectures (if you're slow at writing notes),1,2025-10-04 21:29:00
com.sota.ainotex,"NoteX: AI Note Taker, Notebook",,Karla Y,1,No free trial at least for minimum time ( 2 or 3 hours) before purchase the package.,1,2025-10-02 12:21:34
com.sota.ainotex,"NoteX: AI Note Taker, Notebook",,Chris Hanlon,5,very impressed with my first transcript and summary.,0,2025-10-02 05:54:20
com.sota.ainotex,"NoteX: AI Note Taker, Notebook",,Mustak Ansari,1,a voice changer karni hai mere ko,1,2025-09-29 06:32:18
com.sota.ainotex,"NoteX: AI Note Taker, Notebook",,Madhava Sravan,5,wow keep it up,0,2025-09-28 07:39:01
com.sota.ainotex,"NoteX: AI Note Taker, Notebook",,Khanzeb Khan,5,meckenak,0,2025-09-26 15:19:17
com.sota.ainotex,"NoteX: AI Note Taker, Notebook",,Kathleen Brandt,5,amazing.,1,2025-09-25 20:21:13
com.sota.ainotex,"NoteX: AI Note Taker, Notebook",,Emelia Walden,1,too expensive,6,2025-09-25 18:47:37
com.sota.ainotex,"NoteX: AI Note Taker, Notebook",,Srinivasulu Reddy,1,waste app don't download,0,2025-09-25 11:49:28
com.sota.ainotex,"NoteX: AI Note Taker, Notebook",,MD.Shimul Khan,5,হাই,0,2025-09-25 11:17:13
com.sota.ainotex,"NoteX: AI Note Taker, Notebook",,Free Fire Lover pandit,5,very useful app for students thanks 🙏,0,2025-09-25 06:32:34
com.sota.ainotex,"NoteX: AI Note Taker, Notebook",,Suresh suthar,4,nice,0,2025-09-24 17:03:40
com.sota.ainotex,"NoteX: AI Note Taker, Notebook",,Kaysar Reza Labonna,3,👍,0,2025-09-23 22:13:15
com.sota.ainotex,"NoteX: AI Note Taker, Notebook",,Fazeel Abbas,5,The best free app for notes and understanding what is being taught in a small Amount of time. Ts really helped me as I have a test tommorow,10,2025-09-23 21:49:55
com.sota.ainotex,"NoteX: AI Note Taker, Notebook",,Jason Jayawardana,3,"cheese n crackers, the animation is so bugging. it looks like my screen has been mashed in. broke screen animation. good app though. did what I need but animation needs to be fixed.",1,2025-09-23 17:01:52
com.sota.ainotex,"NoteX: AI Note Taker, Notebook",,himanshu khidiya,5,just 😲,0,2025-09-22 19:22:40
com.sota.ainotex,"NoteX: AI Note Taker, Notebook",,Aradhya,5,bestt education app I ever had!,0,2025-09-22 16:04:42
com.sota.ainotex,"NoteX: AI Note Taker, Notebook",,FF Games,5,good luck with your interview today and Man City NJ and mouse for Xbox,0,2025-09-22 14:15:43
com.sota.ainotex,"NoteX: AI Note Taker, Notebook",,saeed abdou,1,not good in Arabic,0,2025-09-21 20:40:58
com.sota.ainotex,"NoteX: AI Note Taker, Notebook",,Thakur vijay Singh (RANA),5,Good🤌👍,1,2025-09-21 15:53:54
com.sota.ainotex,"NoteX: AI Note Taker, Notebook",,Yogesh Kumar,5,5star,0,2025-09-21 11:14:15
com.sota.ainotex,"NoteX: AI Note Taker, Notebook",,Asmaa Almadhoun,1,they should offer price then take sign up data,3,2025-09-18 08:51:34
com.sota.ainotex,"NoteX: AI Note Taker, Notebook",,Angela Gomez (Angela Garza),5,amazing love it,0,2025-09-17 09:29:37
com.sota.ainotex,"NoteX: AI Note Taker, Notebook",,ROMANCiiA Gallucci (ROMANCiiA),5,awesome man wowee,0,2025-09-13 09:24:31
com.sota.ainotex,"NoteX: AI Note Taker, Notebook",,Maryam Eydian,1,فارسی نداری,1,2025-09-13 04:27:37
com.sota.ainotex,"NoteX: AI Note Taker, Notebook",,Jasmine Fabian,5,nice app so far,0,2025-09-08 15:29:35
com.sota.ainotex,"NoteX: AI Note Taker, Notebook",,Deborah Jean Sage Dodd,3,"What ever happened to trying it, with a weekly price or monthly price, per week or per month? These note taking prices cost more than I can afford. 👁️M💸",4,2025-09-06 16:46:32
com.sota.ainotex,"NoteX: AI Note Taker, Notebook",,Robert Placencio jr.,1,lagging on my device and by in up grades slow down my work performance. Good idea but can't use app at this time to promote and integrate original ideas,4,2025-08-23 13:43:36
com.fluidtouch.noteshelf3,Noteshelf 3: Digital Notes,,Tonni Chowdhury,2,🥰🥰,0,2026-01-06 16:40:26
com.fluidtouch.noteshelf3,Noteshelf 3: Digital Notes,,Lou_17Q17,2,"I paid for premium version of Noteshelf 3 and once I finally got it to sync on both tablets, I could not be happier! So easy to use and such great features! Highly recommend!",0,2026-01-06 11:18:05
com.fluidtouch.noteshelf3,Noteshelf 3: Digital Notes,,Paco Romero,4,"Works good. Sync between devices needs improvement, and handwriting conversion needs fonts.",0,2026-01-05 20:31:05
com.fluidtouch.noteshelf3,Noteshelf 3: Digital Notes,,Bharath Roy Choudhury,1,The exported pdf file is not searchable. I can only search inside the app.,0,2026-01-05 20:00:00
com.fluidtouch.noteshelf3,Noteshelf 3: Digital Notes,,Sabry Loganathan,4,great product and constantly improving,0,2026-01-05 15:47:18
com.fluidtouch.noteshelf3,Noteshelf 3: Digital Notes,,Ankush Gupta,1,"Pathetic app. Paid for the premium version. Using it Samsung s25 ultra. It is absolutely useless. Backup does not restore. If you uninstall and reinstall it then the blank app is backed up and all notes are lost. You can manually export the data to your device every time but not sure how to restore from it. User interface is absolutely worthless and complicated. The text box editing is extremely complicated, laggy and erratic. If there is a way for refund I will definitely go for it.",0,2026-01-05 15:44:43
com.fluidtouch.noteshelf3,Noteshelf 3: Digital Notes,,Hurum Maqshuro,5,i like this app 👍🏻✨️,0,2026-01-05 10:29:57
com.fluidtouch.noteshelf3,Noteshelf 3: Digital Notes,,Vivian Herrera,5,I love this one the only thing that I would like is a recipe templates because I use it mostly for my recipes,0,2026-01-04 23:12:15
com.fluidtouch.noteshelf3,Noteshelf 3: Digital Notes,,Charlie Parks,2,"The pen color bar is limited to four colors. When you try to copy and paste text, it comes out as a big dark square of nothing. The only thing I like on the 3 that the original lacks is notebook organization and the better-looking journal covers.",0,2026-01-04 15:49:14
com.fluidtouch.noteshelf3,Noteshelf 3: Digital Notes,,Tracy Dang,5,"The best Notes app which can be synced across platforms Android, ios and window.... work perfectly, use daily. Highly suggested! Thanks.",0,2026-01-03 22:03:44
com.fluidtouch.noteshelf3,Noteshelf 3: Digital Notes,,Jenny Benavidez,5,I'm so happy I came across this app! I love the UI and many options it provides to customize your notes to your liking. This is my new go-to for my work and personal notes. Give this app a try- you will not be disappointed! ✨,0,2026-01-03 16:57:49
com.fluidtouch.noteshelf3,Noteshelf 3: Digital Notes,,Jitendra Giri,5,very 👍 app,0,2026-01-03 10:57:49
com.fluidtouch.noteshelf3,Noteshelf 3: Digital Notes,,Eve Dickson,5,"great tool, perfect for taking notes and managing day to day work",0,2026-01-03 10:17:54
com.fluidtouch.noteshelf3,Noteshelf 3: Digital Notes,,C S,1,what am I missing I paid for premium. but can't bookmark PDFs can't quick search highlighted marks on pages. useless app for the price,0,2026-01-03 08:34:43
com.fluidtouch.noteshelf3,Noteshelf 3: Digital Notes,,Dillon Digenova,5,"This has been the best of the note taking apps that I have used. Allows you to make multiple folders for your classes, and then groups to organize further in there. HOWEVER, I do wish there was a way to have a ""word"" type document you can create instead of adding a text field. Overall 4.5/5 stars",0,2026-01-02 15:25:17
com.fluidtouch.noteshelf3,Noteshelf 3: Digital Notes,,Parth Singh,5,thanks for giving 2026 diaries. this is really helpful for me.,0,2026-01-02 10:53:52
com.fluidtouch.noteshelf3,Noteshelf 3: Digital Notes,,Aysan Ansari,5,perfect,0,2026-01-02 10:49:41
com.fluidtouch.noteshelf3,Noteshelf 3: Digital Notes,,Mim Schulz,5,Loving the app. Great features and fun to use. Makes due a great journalling app,0,2026-01-02 09:26:18
com.fluidtouch.noteshelf3,Noteshelf 3: Digital Notes,,Rishi Dev,3,Add voice massage easily in your notes so it is very usefull,0,2026-01-02 08:51:32
com.fluidtouch.noteshelf3,Noteshelf 3: Digital Notes,,Angie G.,4,"I really do like this app and how I can upload my own templates. There's a veriety of templates in the library as well. I think the only criticism I have is that I have been waiting for the new year's digital diary but it's never shown up. Now that it's the new year, I don't think we will get it because I'm on am android. Also I would like to be able to get a writing to text feature, but it's possible I can't find it in my own settings.",0,2026-01-02 05:43:46
com.fluidtouch.noteshelf3,Noteshelf 3: Digital Notes,,Kentut Kuda,4,"Migrated fron Noteshelf 2 to this one. Instantly paid for Premium feature. PLEASE MAKE THESE FEATURES : 1. Upload more than 1 photo at a time, 2. Make our custom sticker pack, 3. Able to create folder in templates, so we can organize our blank pages template (e.g. Daily Planner, Weekly Planner, Monthly Planner, To-Do List, etc), 4. PLEASE MAKE WIDGET. Or at least, a shortcut to our favorite notes so we can instantly access them from home page!",1,2026-01-02 04:18:46
com.fluidtouch.noteshelf3,Noteshelf 3: Digital Notes,,danny,5,"WHEN IS THE 2026 PLANNER GOING TO BE AVAILABLE? Excellent App... Does everything I need and more. Super easy...I use it for absolutely everything. Work, bible study, creative outlet. Best out there as far as I'm concerned. Still waiting for the 2026 Planner ... hard to plan ahead without the update, but the app is exceptional.",0,2026-01-01 23:39:39
com.fluidtouch.noteshelf3,Noteshelf 3: Digital Notes,,louise,3,not well updated. i have been waiting for a 2026 planner and it would be helpful if it had last year and this year up as some plans are booked well in advance.,0,2026-01-01 20:59:54
com.fluidtouch.noteshelf3,Noteshelf 3: Digital Notes,,Nathan Ndoo,1,Horrible. REFUND MY MONEY.,0,2026-01-01 19:24:43
com.fluidtouch.noteshelf3,Noteshelf 3: Digital Notes,,Krish Patel,5,"amazing feature to do task, short note etc especially for class 11 and 12 student",0,2026-01-01 19:04:29
com.fluidtouch.noteshelf3,Noteshelf 3: Digital Notes,,Mechi Clark,4,Almost as good as GOODNOTES,0,2026-01-01 16:10:25
com.fluidtouch.noteshelf3,Noteshelf 3: Digital Notes,,Lezer Shoot,4,please update toolbar move anywhere options,0,2026-01-01 15:56:15
com.fluidtouch.noteshelf3,Noteshelf 3: Digital Notes,,mazen Mohammad,4,always good if there is option to move by one touch place will be 5 stars,0,2026-01-01 15:26:16
com.fluidtouch.noteshelf3,Noteshelf 3: Digital Notes,,La Vette Beasley,1,"Sadden because I loved it so much. This is absolutely my favorite app on all of my devices. I use the digital diary every single day, and I'm saddened because I've emailed since September 2025 for an updated 2026 vesion. It would take weeks for answers to my email, but I was assured a 2026 version would be here on time. I did not order my paper diary this year because I had this digital diary that I loved. Today is New Years Day and the only digital diary available is 2025.",0,2026-01-01 12:35:43
com.fluidtouch.noteshelf3,Noteshelf 3: Digital Notes,,Haribhajan Godara,2,Dear sir/madam. Your app is really great. But A very important and useful feature not available in your app Noteself 3. Page back and next (< >). Please tell me when you add this feature. I need this. Please tell me a fix month when this thing can possible and I can use.,0,2026-01-01 09:38:52
com.fluidtouch.noteshelf3,Noteshelf 3: Digital Notes,,Taral Badani,4,"Hi, to start with, I am very happy by using this app. I am not able to find diary for 2026. Please confirm, from where can I get it.",0,2026-01-01 06:55:08
com.fluidtouch.noteshelf3,Noteshelf 3: Digital Notes,,Brett and Tammy Simpson,5,Super awesome. this App is the best writing app by far for tablets. Simple and efficient.,0,2026-01-01 05:41:52
com.fluidtouch.noteshelf3,Noteshelf 3: Digital Notes,,Nebula,2,I am frustrated because I cant change the year on the digital diaries. Google says I should have a scroll wheel option and I do NOT have this. I don't see a point for me to have this app if I can not use the one part of the app that I wanted it for.,0,2026-01-01 02:18:46
com.fluidtouch.noteshelf3,Noteshelf 3: Digital Notes,,Mojtaba Nazari,4,I Like it,0,2025-12-31 16:32:34
com.fluidtouch.noteshelf3,Noteshelf 3: Digital Notes,,Soumyadeep Maity,2,There is Little bit Slow when use....,0,2025-12-31 16:04:08
com.fluidtouch.noteshelf3,Noteshelf 3: Digital Notes,,Ajinkya Sarode,2,Noteshelf3 3.1.0 collapsing every next second give us older version back,0,2025-12-31 15:42:22
com.fluidtouch.noteshelf3,Noteshelf 3: Digital Notes,,Joshua Bernstein,4,"love the app, hate the sync. everything works great, the app is awesome and feature rich for my usage... what would immediately get a 5 star rating is if the sync worked better. it seems to pick and choose when it wants to sync between , tablet, and PC and sometime feels like it takes a really long time",0,2025-12-31 14:48:11
com.fluidtouch.noteshelf3,Noteshelf 3: Digital Notes,,Nerveen Abdeljawad,5,very nice app to use I got 100 in my exams🤩🤩🤩🤩🤩🤩🤩🤩🤩,0,2025-12-31 14:43:29
com.fluidtouch.noteshelf3,Noteshelf 3: Digital Notes,,Piyush Keshri,1,I'm leaving this app as they didn't solve my issues after multiple writings to them,0,2025-12-31 05:53:03
com.fluidtouch.noteshelf3,Noteshelf 3: Digital Notes,,chris chris,5,okay,0,2025-12-31 04:48:02
com.fluidtouch.noteshelf3,Noteshelf 3: Digital Notes,,Amber Cody,5,"Love this app. I use it for keeping track of ideas, crocheting, doodles and the daily planner is super helpful. It keeps me on track.",0,2025-12-30 16:50:35
com.fluidtouch.noteshelf3,Noteshelf 3: Digital Notes,,Ravi Khunte,4,"This is a good option for handwritten notes. However, the syncing system needs improvement.",0,2025-12-30 15:15:07
com.fluidtouch.noteshelf3,Noteshelf 3: Digital Notes,,Mr Patel,1,without Pri mium subscription not useful,0,2025-12-30 13:41:38
com.fluidtouch.noteshelf3,Noteshelf 3: Digital Notes,,Enya Topi,1,Took my money then encountered a problem they responded to nothing to fix it,0,2025-12-30 10:54:32
com.fluidtouch.noteshelf3,Noteshelf 3: Digital Notes,,Wilfred González Valladares,1,"Descargué esta app pensando que me ayudaría a poder trabajar mis notas en dos de mis dispositivos, la probé un poco y confiando en que la opcion de sincronizacion funcionaria bien compré la version premium, lo cual me arrepiento completamente porque no funciona la sincronizacion, en telefono funciona horrible la app y en tablet falla con la pantalla divida. Quiero recibir un reembolso y lo solicité pero aun no recibo respuestas de parte de los desarrolladores, porque playstore me lo nego.",0,2025-12-30 10:00:28
com.fluidtouch.noteshelf3,Noteshelf 3: Digital Notes,,alejandro jasso,5,esta muy bien la aplicación solo faltaría una forma de agregar tablas tipo word o algo así donde sea más sencillo,2,2025-12-30 06:13:53
com.fluidtouch.noteshelf3,Noteshelf 3: Digital Notes,,Omid Shojaee,2,I install it and open the shipped Getting Started. I know one way only to scroll down and it is using my thumb. It doesn't scroll and draws lines instead.,0,2025-12-29 15:18:38
com.fluidtouch.noteshelf3,Noteshelf 3: Digital Notes,,Vinay Khilare,2,"I have Noteshelf 3 premium on my Samsung Tab S9 FE. But It was observed that there are lot of features missing in Android versions compared to ios versions. Also I have submitted a help request regarding some issues, but no one replyed. Hope you will solve the issues on priority basis.",0,2025-12-29 06:46:58
com.fluidtouch.noteshelf3,Noteshelf 3: Digital Notes,,F H,5,A great app overall. The sync feature can be made better though. It sometimes gets delayed or stuck. But nonetheless this is one of the apps which is must for all those who like making notes on their device. Highly recommended,0,2025-12-29 03:55:14
com.fluidtouch.noteshelf3,Noteshelf 3: Digital Notes,,Asif R. Aaron,5,Literally best app for android 👑,0,2025-12-29 01:18:02
com.ma.waveapp,Wave AI Note Taker & Recorder,,Nancy,5,the best ever way to take notes,0,2026-01-04 16:43:04
com.ma.waveapp,Wave AI Note Taker & Recorder,,Jane,5,Awesome!,0,2026-01-02 18:35:26
com.ma.waveapp,Wave AI Note Taker & Recorder,,DAVID LARSON,1,"So, I chose to pause the subscription. But apparently I didn't hit the correct button and it continued and charge me. So, I canceled it. When apps use poor button placement to keep you hooked, it is not worth having! EVER!",1,2025-12-31 04:00:03
com.ma.waveapp,Wave AI Note Taker & Recorder,,Bina Thakkar,5,"Wave has become an indispensable component of my productivity toolbox. It is a fuss-free, elegant, and effective note taker and works well on the mobile and on the desktop. Summarized notes produced by Wave are much better than those produced by other popular apps.",0,2025-12-30 13:18:00
com.ma.waveapp,Wave AI Note Taker & Recorder,,Doc MD,2,it doesn't even allow you to try it. record button jump to pay for premium page! Uninstalling,1,2025-12-27 10:44:41
com.ma.waveapp,Wave AI Note Taker & Recorder,,Brenda SamaraLuna (Mariposa),5,"AMAZING!I live with anxiety and depression, which sometimes makes it hard for me to remember or fully understand things. This app has been incredibly helpful—it allows me to better understand meetings by breaking them down clearly and making everything easier to process.It has also been a huge help for my son, who is seeing a therapist and has a language delay. Being able to review and understand information more clearly has made a real difference for both of us. I’m already telling EVERYONE.",0,2025-12-26 21:44:16
com.ma.waveapp,Wave AI Note Taker & Recorder,,Daniel Allen,1,no longer records audio playing from social media apps or any other app. says recording interrupted when audio begins to play from any other app,1,2025-12-20 02:15:20
com.ma.waveapp,Wave AI Note Taker & Recorder,,Rocky Hatt,5,"This is a very good app for what it does. I recorded a visit with my primary doctor, 17 minutes worth, and it summarized all of the speaking that we talked about. Made it into a detailed list of what we said. Very good app.",1,2025-12-18 21:57:26
com.ma.waveapp,Wave AI Note Taker & Recorder,,Jan Is,1,"Collects Google account info, doesn't even provide free sample for people to decide, it is acceptable app for purchase or no. Scammer tactics.",1,2025-12-18 19:32:11
com.ma.waveapp,Wave AI Note Taker & Recorder,,Marvelous,2,"Too expensive, it works good but $6.99 per week , come on",0,2025-12-17 16:36:10
com.ma.waveapp,Wave AI Note Taker & Recorder,,RF DiMarco,5,Worked just like they said it would.,0,2025-12-13 13:55:37
com.ma.waveapp,Wave AI Note Taker & Recorder,,Fatima,5,perfect,0,2025-12-12 16:49:54
com.ma.waveapp,Wave AI Note Taker & Recorder,,Jose Rocha Jr,5,love Wave to outline meeting notes... I've officially been the note taker,0,2025-12-11 21:16:56
com.ma.waveapp,Wave AI Note Taker & Recorder,,Laura B,1,"awful, this interference in music audio cannot happen. The interference stopped when I uninstalled the app.",1,2025-12-11 16:19:42
com.ma.waveapp,Wave AI Note Taker & Recorder,,Brandt Hurley,4,looks great,0,2025-12-08 20:43:27
com.ma.waveapp,Wave AI Note Taker & Recorder,,Carson Kipp,2,"It does the job, but especially for a paid subscription, I would expect better. There were a couple of occasions where my notes where completely lost. It was for recordings over 2 hours, but I was pisses when it happened. Also when scrolling through the outline, it's hard to scroll back up after scrolling down.",1,2025-12-08 01:57:36
com.ma.waveapp,Wave AI Note Taker & Recorder,,John Thornton,2,"• The current transcript transformation process is very slow, but real-time recording and translation could significantly improve efficiency by reducing waiting times.",0,2025-12-02 11:19:58
com.ma.waveapp,Wave AI Note Taker & Recorder,,Allison Bale,5,"This is one of the most accurate, well organized, summarized, transcription apps out there. My personal experience with this app identifying individuals has been about 80% accuracy. better than some other apps. easy to use, so many options to export, save, convert, share, etc. I utilize this app for meetings and training's. It's actually scary how well the transcript is broken down from the title of meeting, to each sub heading like ""main topics, statements and notes, & action items."" 👍",28,2025-12-02 02:26:11
com.ma.waveapp,Wave AI Note Taker & Recorder,,CGB,3,It's fair enough but it has a huge flow. It doesn't allow to sync with any cloud automatically.,1,2025-11-29 19:20:03
com.ma.waveapp,Wave AI Note Taker & Recorder,,Monica Nitzsche -Rusch,1,"I was excited to use this app however because it's for a brand new NON PROFIT organization I can't afford extra costs at this time in our startup. no where around the app did it say that it was a paid to use SUBSCRIPTION app. VERY DISAPPOINTED my non profit is too benefit and make dreams come true for WELL DESERVING Canadians BASED ON PERSONAL MERITS. Nominated by CDN'S.""Christmas Dreams Do Come True"" brings Canadians back to our fundamentals of LOVE WINS! NOT WITH THIS APPS HELP WE NEEDED.",1,2025-11-28 14:15:47
com.ma.waveapp,Wave AI Note Taker & Recorder,,Hazel O'Boyle,3,free content appears to only allow for one use,1,2025-11-26 13:37:12
com.ma.waveapp,Wave AI Note Taker & Recorder,,Terrance Davis,4,Amazing summaries!,0,2025-11-25 06:03:35
com.ma.waveapp,Wave AI Note Taker & Recorder,,Lacey Fahrney,1,I don't care.,0,2025-11-23 20:21:28
com.ma.waveapp,Wave AI Note Taker & Recorder,,ls Law,1,Does not work. Subscribed but will not open.,1,2025-11-23 15:23:27
com.ma.waveapp,Wave AI Note Taker & Recorder,,Van,2,it could be made a lot easier to operate you can't use Google to put input through the mic,1,2025-11-23 06:34:23
com.ma.waveapp,Wave AI Note Taker & Recorder,,Doug Whitehouse,5,Simplistic for the user,0,2025-11-22 02:42:46
com.ma.waveapp,Wave AI Note Taker & Recorder,,Karen Davidson,5,Seems to work great but I couldn't figure out how to record a phone call for work but found a work around.,0,2025-11-21 21:50:07
com.ma.waveapp,Wave AI Note Taker & Recorder,,Q Brock,5,This is a fantastic app!,0,2025-11-19 20:24:25
com.ma.waveapp,Wave AI Note Taker & Recorder,,Alberto Aguilar,5,Great tool,0,2025-11-19 19:22:12
com.ma.waveapp,Wave AI Note Taker & Recorder,,sana zamar,5,Ohh my god guys I use this app for my biology class and record the lecture and it summarize everything for me gosh this is so cool 😎,0,2025-11-19 16:34:15
com.ma.waveapp,Wave AI Note Taker & Recorder,,P Patuwai,1,always broken have paid for months now. I have missed numerous meetings that I thought was recorded. I am canceling my subscription today,2,2025-11-17 20:24:40
com.ma.waveapp,Wave AI Note Taker & Recorder,,Alexa Routledge,1,"App has routinely said it's working and then provided a useless summary. It has also kicked me out 3 of the last 4 times I went to use it, trashing the recording it was currently making. Will be canceling ASAP because this is absolutely not worth the amount of money I'm paying.",4,2025-11-17 20:10:52
com.ma.waveapp,Wave AI Note Taker & Recorder,,Mun Kheong Chan,4,recoding of phone conversation over 2nd phone and transcript result with 95% accuracy,1,2025-11-17 06:24:23
com.ma.waveapp,Wave AI Note Taker & Recorder,,Adaora Ifeanyi,5,So far so good 👍🏾,0,2025-11-13 19:40:24
com.ma.waveapp,Wave AI Note Taker & Recorder,,R M,5,Brilliant,0,2025-11-13 13:06:45
com.ma.waveapp,Wave AI Note Taker & Recorder,,Frank Kemp,5,Very good,0,2025-11-12 22:10:46
com.ma.waveapp,Wave AI Note Taker & Recorder,,Grow Us,4,"hit or miss, but when it works it WORKS 💪🏾",0,2025-11-12 19:05:36
com.ma.waveapp,Wave AI Note Taker & Recorder,,Atlas,5,works really well. cuts out unnecessary information. totally free. summarizes recordings into beautiful notes.,1,2025-11-11 23:38:09
com.ma.waveapp,Wave AI Note Taker & Recorder,,Originalavaone Avaone,3,It is annthat if someone call or text while in session all of the information is transcript it lost,2,2025-11-10 15:50:13
com.ma.waveapp,Wave AI Note Taker & Recorder,,Brett Washington,2,"When I first installed this app, it was pretty solid but I would say that in the last few months it has gotten progressively worse at processing audio and converting to transcript and notes, to where I've had to re-process the meeting audio several times and it's a 50/50 chance that I actually get the transcript and summary. Especially frustrating when the meeting or more dictation is especially. 1 hour+",11,2025-11-07 01:20:23
com.ma.waveapp,Wave AI Note Taker & Recorder,,Joe Hanvey,5,I work for a large parent company of an enterprise of companies. I use this for my personal note taking and would like to look into using it for the enterprise. I need to get some things cleared by my cyber security team and will need your team to provide some information for them. Who can I talk to at your company to make that happen?,1,2025-10-30 05:45:05
com.ma.waveapp,Wave AI Note Taker & Recorder,,Umatilla Housing,5,works great for voice recording of invetory,1,2025-10-27 17:33:42
com.ma.waveapp,Wave AI Note Taker & Recorder,,Benjamin Clark,5,great app,1,2025-10-23 16:52:45
com.ma.waveapp,Wave AI Note Taker & Recorder,,Dejalae A,1,when I need it most its crashed. now it wont open. pissed that I paid money for junk.,2,2025-10-23 00:58:25
com.ma.waveapp,Wave AI Note Taker & Recorder,,Mary Towolawi,2,"When I first started using the Wave app, everything worked well and I enjoyed the experience I paid for subscribtion. However, recently the app has stopped working completely. I have tried uninstalling and reinstalling it several times, but it still refuses to start. Please look into this issue as soon as possible.",2,2025-10-21 06:46:22
com.ma.waveapp,Wave AI Note Taker & Recorder,,Nicholas Dalmau,1,"When it works, it’s great, but that’s a big “if.” More than half of my recordings fail to save, and you only find out after the fact, once the meeting is gone for good. It’s incredibly frustrating to lose hours of discussions without warning, with no way to recover them or even know they failed in real time. For something meant to capture important meetings, it’s simply not reliable, especially disappointing given that I’m paying for it.",7,2025-10-20 21:14:22
com.ma.waveapp,Wave AI Note Taker & Recorder,,AD Stafford,3,"I decided on Wave because of the feature to take pictures. Firstly, I love this app 90% of the time. But every so often it glitches out badly and I lose huge chunks of recording time. The camera spazzes and won't focus. While trying to get the camera to focus, the app will crash. Or, if I use my phone camera not attached to the app, the app will crash. Then it gets stuck on that recording and won't let me start a new recording. It also sometimes makes my phone glitch when playing back audio.",25,2025-10-20 19:57:17
com.ma.waveapp,Wave AI Note Taker & Recorder,,Michael Whye,5,"Wow. I was sceptical, especially after my first recording. But as soon as I hit ""transcribe"" it blew my mind. My rambling notes turned into a bullet pointed thing of beauty. All the ideas bouncing around my head were tamed and neatly placed in easy to read and understand order. Thank you developers, where has this been all my life!",4,2025-10-18 22:18:54
com.ma.waveapp,Wave AI Note Taker & Recorder,,William Johnson,5,"I invested in this product and purchased a premium license. I was very happy, but now it consistently puts up a paywall and stops me from using the services I have already paid for unless I pay a second time. It's too bad because it was pretty awesome at first before they started trying to scam me into paying twice for the same product. Edit October 17 they corrected the problem quickly.",56,2025-10-18 01:36:24
com.ma.waveapp,Wave AI Note Taker & Recorder,,Dan E. L. Howden S.,2,Although very good at transcription and summarizing the notes. The app tends to hang. Editing the transcription is cumbersome and clunky and did I mention the app keeps freezing and hanging? It's so close to being the best but I had to rate it low. Using a Samsung Galaxy S 24,5,2025-10-17 04:40:34
com.appzone.noteai,"Notes AI: Note Taker, Notebook",,Syed Bukhari,2,"out of 15 min, it provides summary of 2 min voice and transcript likewise. within this two min also, the summary didn't capture essential details. it should transcribe the entire duration and provide sufficiently detailed summary.",1,2025-11-28 02:32:35
com.appzone.noteai,"Notes AI: Note Taker, Notebook",,Suhit Pawar,5,Simply one of the best note taking apps on the playstore. Need dark theme.,4,2025-11-09 19:15:03
com.appzone.noteai,"Notes AI: Note Taker, Notebook",,D Jones,3,"I keep trying to use this... was recording for an hour. I save it, and it goes away. Says there's an ""error."" I try again for 30 minutes of recording, and it's the same. The only time it worked was when I recorded for a few minutes to test it! So I just lost that lecture and I haven't been able to use it. This would be an amazing app if I could actually use it.",2,2025-11-07 21:05:15
com.appzone.noteai,"Notes AI: Note Taker, Notebook",,shah Dainik,5,Nice application,0,2025-11-06 19:02:46
com.appzone.noteai,"Notes AI: Note Taker, Notebook",,K “Kag” Gilkey,5,"Awesome App, I love it!",0,2025-11-05 08:22:11
com.appzone.noteai,"Notes AI: Note Taker, Notebook",,CHRIST EMBASSY FEDERAL HOUSING 2,5,good,0,2025-10-22 08:19:21
com.appzone.noteai,"Notes AI: Note Taker, Notebook",,Abhishek Sharma,5,so good app try it,0,2025-10-19 20:35:38
com.appzone.noteai,"Notes AI: Note Taker, Notebook",,Sayro Lopez Galdamez,5,"I was looking for a free app like this and I found it, I really liked it.",0,2025-10-10 20:01:33
com.appzone.noteai,"Notes AI: Note Taker, Notebook",,Nkem Ofoelue,5,Beyond compare. This app is the best of its kind and it's completely free. Unmatched excellence in every way.,2,2025-09-26 23:26:10
com.appzone.noteai,"Notes AI: Note Taker, Notebook",,Agha Khan Durrani,5,"Amazing application... Provide login in application, so that we can save our notes without any lost...",0,2025-09-21 17:49:23
com.appzone.noteai,"Notes AI: Note Taker, Notebook",,neel debnath,5,"This is one of the best AI note-taking apps I've ever seen. It transcribes the audio file or what I record exactly the same, and it also improves the transcribed note by correcting the mistakes. It Just needs some basic features and updates which will make the app perfect those features include - firstly a dark mode 😅, second login option so that I can sync my Notes across various devices, Third some more note editing features and some more common features.I hope developer will work on this.",6,2025-09-16 15:41:10
com.appzone.noteai,"Notes AI: Note Taker, Notebook",,NTIREBERAHO Angelique,5,it is working nicely,0,2025-09-15 09:53:58
com.appzone.noteai,"Notes AI: Note Taker, Notebook",,Rabindra Bhumij,5,Just amazing 🎉🎉🎉🎉🎉,0,2025-09-07 06:35:15
com.appzone.noteai,"Notes AI: Note Taker, Notebook",,Vishal Aadbane,1,अरे भाई जैसे ही नोट्स लिख रहा स्पेलिंग डबल rewrite हो रहा प्लीज फिक्स this 🙏,0,2025-08-31 12:12:24
com.appzone.noteai,"Notes AI: Note Taker, Notebook",,jessee,5,bestttt,0,2025-08-21 15:25:34
com.appzone.noteai,"Notes AI: Note Taker, Notebook",,ElFatih Ageed,5,تطبيق سهل الاستعمال، به أدوات منوعة لتدوين ملاحظاتك وتنظيمها، إضافة إلى تسجيل ملاحظتك بالصوت ليقوم الذكاء الاصطناعي بتحويلها إلى نص يمكن ترجمته إلى أي لغة تريد. اشجع الجميع لتنزيل هذا التطبيق، وتستفيد.,0,2025-08-13 16:28:38
com.appzone.noteai,"Notes AI: Note Taker, Notebook",,MIKRAJ HAFIZ,4,dah Cuba try test. problem dekat suara Dan cara ayat yg ditulis tak dapat mcm mana org tu cakap.,0,2025-08-12 16:09:30
com.appzone.noteai,"Notes AI: Note Taker, Notebook",,Preston Nyayolo,5,This is a game changer for students,1,2025-08-09 21:31:29
com.appzone.noteai,"Notes AI: Note Taker, Notebook",,Richard Alberta,4,beautiful reliable app just learning it ..so will give a better review in a week ...,0,2025-08-09 09:40:16
com.appzone.noteai,"Notes AI: Note Taker, Notebook",,Hedonist,1,"Rubbish useless app, not even dark mode lol",2,2025-08-01 00:48:44
com.appzone.noteai,"Notes AI: Note Taker, Notebook",,Souhaib Safio,2,can't sign up I can see the original note. I also cannot control how the notes will be generated with AI I mean I want them to be bullet points. I also wish I can share my notes via my notion or other apps as well as turn notes into tasks since it's an AI it's supposed to do that right,2,2025-07-28 23:10:34
com.appzone.noteai,"Notes AI: Note Taker, Notebook",,anuj kumar,5,awesome 👍,3,2025-07-28 12:02:35
com.appzone.noteai,"Notes AI: Note Taker, Notebook",,Thomas Levi,4,great tool for jotting down my ideas anytime and anywhere through record audio feature.,3,2025-07-28 05:44:59
com.appzone.noteai,"Notes AI: Note Taker, Notebook",,Ali Ali,5,superb,4,2025-07-24 06:40:54
com.appzone.noteai,"Notes AI: Note Taker, Notebook",,Akshith Anoop,5,Good . Please keep it free forever and improve app functionality.,4,2025-06-09 07:38:57
com.appzone.noteai,"Notes AI: Note Taker, Notebook",,Hk V,5,its great app i wish to keep it for lifetime,3,2025-05-26 16:26:56
com.appzone.noteai,"Notes AI: Note Taker, Notebook",,Sunrise,5,really useful app for student .,3,2025-05-19 12:45:42
com.meetgeek.assistant,AI Transcribe. Speech to Text,,Fred Addison-Ankrah,5,"Congratulations to developers of this app! It is designed with much relevance and performing quite smoothly. Recommend it to everyone, everywhere, who is seeking standard quality audio note-taking and transcription of all kinds. Quick suggestions to developers: pls add optional themes (dark, colour, light); improve the speed of file upload, page-opening and the layout of file details (in content, organization & display) - for easy, faster search, identification & selection of file, to upload.",1,2025-12-30 12:26:07
com.meetgeek.assistant,AI Transcribe. Speech to Text,,Ika Yuliana,5,this application really helpful. You should download it to help you with your tasks,1,2025-11-24 03:11:20
com.meetgeek.assistant,AI Transcribe. Speech to Text,,Nova Consumer,3,Requires an account :/,0,2025-11-22 01:23:10
com.meetgeek.assistant,AI Transcribe. Speech to Text,,Mythili Siva,5,Awesome. I didn't expect. Go for it,0,2025-11-20 06:26:13
com.meetgeek.assistant,AI Transcribe. Speech to Text,,Rofhiwa Raymond,5,very useful,0,2025-11-18 20:48:57
com.meetgeek.assistant,AI Transcribe. Speech to Text,,Leonardo Silva,1,"I downloaded and paid for the subscription to save me time with the admin. Unfortunately, the app didn’t upload most of the meetings and I am unable to download the transcriptions. O contacted customer service twice, but no answers. I'm truly disappointed. Especially because it will generate me more workload now and the subscription is expensive.",2,2025-11-07 15:29:47
com.meetgeek.assistant,AI Transcribe. Speech to Text,,Mercy Chagara,5,I enjoy it,0,2025-11-07 10:42:57
com.meetgeek.assistant,AI Transcribe. Speech to Text,,mahabeer romano,5,"To the creator or team of this app, if I could give this app a 6th star 🌟 believe I will. Thank you for creating this app for you will never know how much time this app has saved me. To office people that don't know about this app honestly this is the golden key we been looking for. Once again thank you.",0,2025-11-05 07:32:08
com.meetgeek.assistant,AI Transcribe. Speech to Text,,Agoanele M,5,Happy,0,2025-11-04 23:10:55
com.meetgeek.assistant,AI Transcribe. Speech to Text,,Grandma Jean,1,"I didn't even get to try it. Upon opening, the app wanted me to sign in with Google or Microsoft. I just want to record and transcribe on my phone without it leaving my phone. I uninstalled.",0,2025-10-15 19:23:02
com.meetgeek.assistant,AI Transcribe. Speech to Text,,Verdon Kelliher,5,changed my life! what a fabulous app,0,2025-10-06 07:06:59
com.meetgeek.assistant,AI Transcribe. Speech to Text,,yvette&Gary Lalumiere,5,👍👍👉👌💦😴,0,2025-09-29 07:35:02
com.meetgeek.assistant,AI Transcribe. Speech to Text,,Harith Y,5,"Crazy app, very useful",0,2025-09-11 05:57:55
com.meetgeek.assistant,AI Transcribe. Speech to Text,,Jose Jr. Bueta,5,Great App!,0,2025-09-11 04:37:07
com.meetgeek.assistant,AI Transcribe. Speech to Text,,Karen Vercoe,5,Great for efficiency and ensuring you capture all tasks. It is like having a minute taker available 24/7,8,2025-09-11 01:13:22
com.meetgeek.assistant,AI Transcribe. Speech to Text,,mksramala,1,not any use,1,2025-09-01 10:16:43
com.meetgeek.assistant,AI Transcribe. Speech to Text,,JOHN ACKESSON,5,Incredible,0,2025-08-19 18:23:04
com.meetgeek.assistant,AI Transcribe. Speech to Text,,Sachin Kharat,5,very good app,0,2025-08-16 10:02:52
com.meetgeek.assistant,AI Transcribe. Speech to Text,,Aléya Lewis,1,deserves 0 stars I cant delete my account.,1,2025-08-07 00:22:36
com.meetgeek.assistant,AI Transcribe. Speech to Text,,masume hoseyni,4,۴ ۴ ۴,0,2025-07-29 11:57:50
com.meetgeek.assistant,AI Transcribe. Speech to Text,,Arnaud Jacquin,1,"Any app that imposes that you sign-up with a Google account or a Microsoft account (or an Apple account as suggested by their web interface) exclusively is an automatic pass for me. Allow singing up with an email address with the domain of my choosing and I will reconsider my rating. For now, there are alternatives out there that aren't as restrictive (and that work very well). Moving on.",14,2025-07-24 13:02:20
com.meetgeek.assistant,AI Transcribe. Speech to Text,,Gilbert Yeo,2,"meetgeek was working fine until a recent meeting. it was a meeting in English, but it transcribed everything and provided a summary in malay, despite it being English (SG). there are no options to have the meeting notes refreshed or regenerated too.a",1,2025-07-17 15:22:18
com.meetgeek.assistant,AI Transcribe. Speech to Text,,C J,1,I couldn't get past the sign-in screen. The application verification screen closed every time. You should not have to connect to a Microsoft or Google account to use this. I find that off-putting.,1,2025-06-17 21:16:47
com.meetgeek.assistant,AI Transcribe. Speech to Text,,Damulira Andrew,5,Excellent works like magic,0,2025-06-17 09:41:57
com.meetgeek.assistant,AI Transcribe. Speech to Text,,Nadav Dor,3,yay,0,2025-06-15 22:11:48
com.meetgeek.assistant,AI Transcribe. Speech to Text,,Riana Mouton,5,Excellent,0,2025-06-13 06:06:43
com.meetgeek.assistant,AI Transcribe. Speech to Text,,Chinese Bob Evans II,4,"Still new to this app but it transcribes fairly accurately and fairly well. Its summaries could be a little more in-depth, but no major complaints! For a free resource, it's wonderful and well-worth it",11,2025-05-27 03:36:00
com.meetgeek.assistant,AI Transcribe. Speech to Text,,Ionut,5,perfect,0,2025-05-25 12:58:52
com.meetgeek.assistant,AI Transcribe. Speech to Text,,Queti Queti,1,I think you can't upload files to get their transcript.,1,2025-03-06 01:12:59
com.meetgeek.assistant,AI Transcribe. Speech to Text,,Alexboss,5,"Everything works great as intended, even so the browser version of this app is more enhanced. 👍",2,2025-03-04 13:33:59
com.meetgeek.assistant,AI Transcribe. Speech to Text,,Mazlinna,5,This app very helpful especially to those who are always involved online meeting in international level,0,2024-12-20 04:17:27
com.meetgeek.assistant,AI Transcribe. Speech to Text,,Taric Burley,5,"I like how it records my interviews with candidates. Plus, I can organize those notes on my desktop by putting different notes into folders for easy management. I just wish it integrated with Deel too.",0,2024-11-07 08:46:28
com.meetgeek.assistant,AI Transcribe. Speech to Text,,Sandee M,5,Easy to use and syncs streamlessly with your desktop/laptop! Has free training & Q&A sessions you can join with a real person. So far I'm loving it!,2,2024-11-06 17:01:24
com.meetgeek.assistant,AI Transcribe. Speech to Text,,Wardex Saunders,5,The quality of the notes amazes me! I love how easily I can share the summaries I create with my colleagues. It saves me so much time!!,0,2024-11-06 03:36:48
com.meetgeek.assistant,AI Transcribe. Speech to Text,,Richard Velazquez,5,"I have tried several genAI notetakers and so far, MeetGeek is my favorite. From the full audio transcripts, detailed summaries, and automatic action items, it has saved me hours of work every week. I highly recommend it.",3,2024-11-05 20:51:23
com.meetgeek.assistant,AI Transcribe. Speech to Text,,Lorean Lillig,5,"I like this app for meetings conducted in English, but it's a bit difficult when we mix some French words, but anyway it's stable and gives good results",0,2024-11-05 03:54:57
com.meetgeek.assistant,AI Transcribe. Speech to Text,,Dulcie Mckennzie,5,I really like the depth of features the app offers is really impressive,0,2024-11-04 02:50:18
com.meetgeek.assistant,AI Transcribe. Speech to Text,,Scott Brewster,5,"I've tested out a few applications now that take transcriptions of my meetings. This is the first I found that could work for offline meetings too. When I meet clients now, I hit the button and flip my phone down. I don't worry if it is capturing. It is. The quality of the transcripts is great, not 100%, but great. The best part is the overall summary, how it catches key takeaways from different spots, and how it creates tasks yet to complete. I highly recommend!",0,2024-11-01 17:28:53
com.meetgeek.assistant,AI Transcribe. Speech to Text,,Greg Breen,5,Really great! In person meeting done!,0,2024-10-31 01:20:56
com.meetgeek.assistant,AI Transcribe. Speech to Text,,Chunmei W. M.,4,I would use it such as recording.,2,2024-10-30 19:20:10
com.meetgeek.assistant,AI Transcribe. Speech to Text,,TiffanyMarie Studio,5,"I have been using the MeetGeek.ai web app for my online meetings for a while now, and I love being able to bring that technology to my in-person meetings as well. Recent updates have made the app easy to use. While I still take notes during meetings, I find that I am able to be more present and engaged knowing that I have a transcript and recording to refer back to when needed.",6,2024-10-30 16:11:33
com.meetgeek.assistant,AI Transcribe. Speech to Text,,Joe Santaniello,5,"MeetGeek is a game-changer for my organization! It handles all meeting notes, task tracking, and follow-ups, so no one has to stop and take notes. The app lets me take MeetGeek to in-person meetings, just like in Zoom or Google Meet, recording and organizing everything. If you haven't downloaded the app yet, it's a must for staying organized and looking more professional in every meeting, both virtual and in-person. Highly recommend!",13,2024-10-29 16:25:32
com.meetgeek.assistant,AI Transcribe. Speech to Text,,Drew Donaldson,5,MeetGeek is the king of meeting recorders. I have used them since they first launched the product and it has been one of the best investments I've ever made for my business.,0,2024-10-29 13:40:22
com.meetgeek.assistant,AI Transcribe. Speech to Text,,Alexander Levine,5,"Easy to use, effective, and really helpful! Great for catching up on meetings.",0,2024-10-28 10:54:59
com.meetgeek.assistant,AI Transcribe. Speech to Text,,Molly Freyre,5,"I mainly use it to manage my scheduled meetings, which saves me tons of time since I have at least five calls a day. I love the MeetGeek web app, and now I’m a fan of their mobile app too!",0,2024-10-04 09:48:19
com.meetgeek.assistant,AI Transcribe. Speech to Text,,Pericles Charest,5,"Even the free version does almost everything I need, and I’m impressed with its accuracy. It’s not perfect, but I think it’ll get the job done.",0,2024-10-04 09:37:04
com.meetgeek.assistant,AI Transcribe. Speech to Text,,Salvio Heins,5,I would definitely recommend this app! The only downside is that it’s not as accurate with technical jargon as I’d like. But I think that’s more about the overall stage of AI technologies today,0,2024-10-04 09:28:06
com.meetgeek.assistant,AI Transcribe. Speech to Text,,Phillip Wallen Jr,1,Forces you to sign in with either google or Microsoft account. Ridiculous! Trying to specifically use apps NOT RELATED OR CONNECTED TO GOOGLE AND MICROSOFT!,9,2024-09-13 15:46:44
com.meetgeek.assistant,AI Transcribe. Speech to Text,,Cristian A. Guerrero,5,Es increíble como hace las tradiciones a otros idiomas,0,2024-09-12 15:34:54
com.meetgeek.assistant,AI Transcribe. Speech to Text,,Pavel Deb,1,Doesnt work,0,2024-09-04 18:19:09
com.evernote,Evernote - Note Organizer,,Richard Chang,1,"For a while already, the transcripts from audio files saved in evernote didn't correctly transcripted to the default lsnguage, instead most parts of the transcripted texts were in another language. This incorrect transcripted texts occurred although the default language on device is in English! It seems so far Evernote tech is unable to resolve this issue! It's frustrating!!! 😠",0,2026-01-06 03:39:32
com.evernote,Evernote - Note Organizer,,Sean Sundermann,1,"Truly an unusable app. I used to use Evernote back when it was free, I stopped using it when they forced users to pay for it. I came back to Evernote to try and find an old note I thought that I made, I got blocked by 3 pop ups asking me to subscribe with the tiniest little ""x"" in the top corner. Then even navigating the notes was difficult because the scroll function wouldn't work for about 30 after exiting a note, and there aren't previews to your notes either.",1,2026-01-05 18:09:08
com.evernote,Evernote - Note Organizer,,Robert Woodbeck,1,Unuseable with the excessive pressure to upgrade to paid version.,37,2026-01-05 16:30:59
com.evernote,Evernote - Note Organizer,,Allen Bridge,5,not bad,0,2026-01-05 14:43:44
com.evernote,Evernote - Note Organizer,,Nili,4,Been using Evernote since 2013. Have 500+ notes on it. Great app now that the ad situation has been fixed! Love that you can set a fingerprint unlock for every time you leave the window.,3,2026-01-05 01:46:56
com.evernote,Evernote - Note Organizer,,Abin Shamsudeen,1,Poor.,0,2026-01-04 23:34:10
com.evernote,Evernote - Note Organizer,,Stefan Lungu,1,"Used to be great, used to pay for premium version also but now, without subscription you're limited to only one device and several other limitations like number of notebooks or pages. Oh and intrusive and countless pop-ups begging you to pay the premium version. Fortunately this pushed me to similar apps that offer more for price value and even on free version. Rip",2,2026-01-04 23:20:25
com.evernote,Evernote - Note Organizer,,ben shyrigh,2,Really naggy unless you're paying a subscription. edit: I went back in to retrieve some notes. there are now unskippable ads before you can open the app,1,2026-01-04 19:24:24
com.evernote,Evernote - Note Organizer,,Ray Green,5,Absolute game changer when it come to keeping track of my life.,0,2026-01-04 14:50:44
com.evernote,Evernote - Note Organizer,,Aditya Bathri,5,“Good note-taking app with clean design. Useful for storing important notes.”,0,2026-01-04 07:20:26
com.evernote,Evernote - Note Organizer,,Sarah Mixson,1,in August I unsubscribed. I am still getting charged.,1,2026-01-03 21:46:41
com.evernote,Evernote - Note Organizer,,Anjel,3,"I love the simplicity of the app so I subscribed. But after paying, the features covered by my subscription did not take effect. Instead, whenever I try to use such features, it shows a pop-up telling me to subscribe. It is just so frustrating.",0,2026-01-03 17:31:43
com.evernote,Evernote - Note Organizer,,Praveen Jaiswal,1,Hopeless App. cheaters,0,2026-01-03 14:45:17
com.evernote,Evernote - Note Organizer,,K Naranje,1,"From a free application to subscription based, worst decision.",0,2026-01-03 13:34:54
com.evernote,Evernote - Note Organizer,,Robin,1,"absolutely terrible, hides your notes behind a paywall. No actual functionality that a standard notes app wouldnt have. And they dare ask 99 euro a year. What a joke.",0,2026-01-03 12:12:51
com.evernote,Evernote - Note Organizer,,Daniel Rosenbaum,1,I am very disappointed by the company as there was an accidental purchase of a subscription. I immediately requested a refund as per their website which allows it within a certain number of days. their website referred to me to a process on Google Playstore. Google Playstore refers me back to them. this is not OK. I would like a refund for this app that I do not use.,0,2026-01-03 12:04:59
com.evernote,Evernote - Note Organizer,,Jiri Brebera,1,"One star for price. 199€/year for this? Don't be angry with me, but this pricing policy is literally the most insane/crazy thing I have ever seen and encountered!🤨🙄🤦🏼‍♂️",0,2026-01-03 09:36:01
com.evernote,Evernote - Note Organizer,,JJosh Adrienne,2,"twas amazing a year or two ago. now with click after click needed to bypass the premium requirement screens, it's too arduous to use. which is the point the creators seem to want to make, that they make it to difficult to continue use that you acquiesce to paying the fee to have more than 50 notes in your daily usage. bummed.",0,2026-01-03 05:09:12
com.evernote,Evernote - Note Organizer,,A Google user,1,"Well organized, but flexible and easy to use. Well. it was a great app. But. Then greed came into it. $250/yr for a note taking app? really? no thanks. I'm out",0,2026-01-03 05:04:24
com.evernote,Evernote - Note Organizer,,John Pugh,2,"My last review of this app was in 2016 when I enjoyed it. Now, it's too busy with improvements and has lost it's way IMO. I already moved my notes out to a more reasonable priced platform (read: open source) before canceling my subscription. Adios",0,2026-01-03 04:32:52
com.evernote,Evernote - Note Organizer,,John Starr,5,Is they're a way to retrieve my main account that I spent at least two decades taking notes on ? Help! I had massive quantity of wonderful note work on there! tmn the first Universal note taker and is still way ahead of the pack -worth what the payment is i'd be the first to tell you. Broke at the moment a trial period would be marvelous or can I be relinked to my paid account. That. would. be. ideal! I'm a poetic engineer CS ART. 🙏,0,2026-01-03 04:18:47
com.evernote,Evernote - Note Organizer,,simon stebbing,1,"Forced to pay now and can't access stored files, time to delete",0,2026-01-03 03:49:20
com.evernote,Evernote - Note Organizer,,Thai Smith (thomas),1,"I see the amount of allowed devices has been reduced to one? No problem. but im so inundated with pop ups asking me to pay for the premium every other minute. pops so large that u cant even find ur way back to what u were doing and it seems to be done on purpose, to harrass us so much that we have to pay it. I tried to make a new note and it says i reached my limit, despite the fact i just deleted 10 notes. i may for premium. but im giving it 1 to stars for that bs for now",0,2026-01-03 03:09:01
com.evernote,Evernote - Note Organizer,,Niket Amin,1,Too expensive to be ....,0,2026-01-03 01:25:58
com.evernote,Evernote - Note Organizer,,Uriel Diaz,1,"Muy mala experiencia y cero seguridad Mi cuenta de Evernote fue hackeada y la experiencia ha sido pésima. Después del hackeo, fui amenazado con que compartirían mi información personal si no enviaba dinero, lo cual es gravísimo. Una aplicación que se supone debe proteger información sensible no puede permitir este tipo de fallas. El soporte fue lento y poco útil, sin soluciones claras ni asumir responsabilidad. Perdí tiempo y totalmente la confianza en la plataforma. No la recomiendo si valoras",0,2026-01-02 23:06:52
com.evernote,Evernote - Note Organizer,,Ben,1,New subscription is nearly doubling the price. $250 per year. Nope. Trying Joplin and Obsidian instead.,2,2026-01-02 22:39:41
com.evernote,Evernote - Note Organizer,,Carlo Cattaneo,1,"COMPLETELY UNUSABLE -- Terrible app. I've used it for years, between 2010 and 2020, and after Bending Spoons acquired the company it got SO bad. They cut away functions, severely impaired backwards compatibility with old notes, raised prices, deleted features, and introduced SUPER aggressive marketing for their tiered pricing EVEN TO PAYING USERS. // convert to obsidian folks -- SO much better",1,2026-01-02 22:01:32
com.evernote,Evernote - Note Organizer,,Mirko,1,Comoda,0,2026-01-02 20:58:39
com.evernote,Evernote - Note Organizer,,Maxine RAMOS,4,Had this years ago.. Really liked it!,0,2026-01-02 17:51:28
com.evernote,Evernote - Note Organizer,,Sujan,1,Only money! there not focusing on free user,0,2026-01-02 17:42:43
com.evernote,Evernote - Note Organizer,,Fish Pond,1,"one of the most dramatic declines in product quality I've ever seen up close. I'm very glad i started jumping ship from Evernote a couple years ago. Before then i had been an avid user since 2016, the only thing i have ever wanted from Evernote is tab indents. What we got was an increasingly anti-user experience with the constant ads and useless addition of a home screen (itself only there to bait you into buying premium).",0,2026-01-02 15:33:40
com.evernote,Evernote - Note Organizer,,Øyvind Evensen,1,"Stay away, force update to outrageous price plans from free to be able to get out your notes. Way too overpriced for just a notes app that it originally was",0,2026-01-02 11:36:12
com.evernote,Evernote - Note Organizer,,Aleksandar Jaroševski,1,"Абсолютно глючное и бесполезное приложение. Почти все заметки больше не открываются. После каждой заметки зависает список и не скроллится. Приходится перезагружать приложение, чтобы найти следующую заметку. И на добивание - каждый раз окно КУПИ КУПИ КУПИ !",0,2026-01-02 09:33:32
com.evernote,Evernote - Note Organizer,,David Munoz,1,you get greeted with a long ad..,0,2026-01-02 08:08:47
com.evernote,Evernote - Note Organizer,,Damien V,1,"just wanted to get my old notes, but not only is it paywalled because of old devices, I can't disconnect the old devices because the UI is screwed.",0,2026-01-02 03:43:43
com.evernote,Evernote - Note Organizer,,A Google user,1,"a once-excellent app turned terrible in late 2020. So after 15+ years of Evernote in 2021 I moved to Notion. Notion's free plan does way more in a much easier-to-use and mobile-friendly format, and no ads. how did Evernote mess up what they had... seems they copied the Nokia disaster playbook 🤷‍♂️",4,2026-01-02 01:37:47
com.evernote,Evernote - Note Organizer,,Nkunzi Mbhele,5,perfect,0,2026-01-01 23:45:58
com.evernote,Evernote - Note Organizer,,Scott Hoefler,3,Samsung S7+ will no longer supported to write notes by hand in Evernote.,0,2026-01-01 16:47:18
com.evernote,Evernote - Note Organizer,,Dale L.,1,"OVER PRICED - especially for incompetant developers who can't fix ALL THE ISSUES... who can't produce a solid, reliable app. It's a total disgrace... You are better off with Upnote.",0,2026-01-01 16:41:49
com.evernote,Evernote - Note Organizer,,GalaxyA05s,5,5stars,0,2026-01-01 16:00:01
com.evernote,Evernote - Note Organizer,,Greg Mitchell,1,Claims to give 7 day trial but keeps trying to force subscription.,0,2026-01-01 09:28:31
com.evernote,Evernote - Note Organizer,,j A,1,Like everyone else I'm updating my review to give this app zero Stars. Only being able to have a total of 50 notes is ridiculous for a free account. There are many many Myriad other options out there that will do better than this the subscription is expensive and they want to bug you about it every 2 seconds. It's now time to stay away from Evernote,0,2026-01-01 05:58:45
com.evernote,Evernote - Note Organizer,,Raymond R. Tjandrawinata,5,I could not organize my life without Evernote anymore,0,2026-01-01 03:46:37
com.evernote,Evernote - Note Organizer,,Leah Burt,1,"Once my #1 note-taking and tasks app and the pricing was reasonable. Now all of my notes are locked behind a paywall. Can't even export them to another app. Also, better off using Notion at this point.",0,2026-01-01 03:44:40
com.evernote,Evernote - Note Organizer,,Vishy S,1,"using from 10 years regularly increasing price, device restriction. developers seems to more intensified towards earning mode. Uninstalled today.",0,2026-01-01 03:12:40
com.evernote,Evernote - Note Organizer,,ajay thakor,1,i request not download this app,0,2026-01-01 01:02:10
com.evernote,Evernote - Note Organizer,,Diego Salazar,5,How did I do it before Evernote? Keeps everything together ..we are going to change the World! Look out here we come! Join the Evernote Evolution of productivity to a higher level.,0,2025-12-31 21:11:35
com.evernote,Evernote - Note Organizer,,William Wolfe,1,"12/31/25 It appears there is no help available, except to get a subscription and pay every month. 12/12/23 My free Evernote just stopped working and is demanding that I pay $130.00 per year if I want to use it. I am retired and just use it to file notes and occasionally a photo. I don't need or want all the extra bells and whistles. It has been working fine up till now. Has anyone migrated there Evernote to OneNote, and is it straight forward or hard to do. Thanks for the help. Bill Wolfe",7,2025-12-31 19:54:18
com.evernote,Evernote - Note Organizer,,Armando Quispitupa,1,"The pop ups to get an upgrade are so annoying. App is so limited, can't create any notes. The app/company is already dead and they're trying to milk uses the most they can.",0,2025-12-31 16:57:06
com.evernote,Evernote - Note Organizer,,App App,1,Pricey and Broken,0,2025-12-31 16:11:52
app.coconote,Coconote - AI Note Taker,,Hooria Sharif,4,love it but it would help if it you didn't have to pay for unlimited x,0,2026-01-02 16:28:47
app.coconote,Coconote - AI Note Taker,,Alketa Coga,3,Its a nice app and it has helped me a lot alot but it doesnt have the albanian language and its kind of hard for me to do and i write it in englisch and after that i had to translate it so its double the work . If it would change that it would be awesome .And mabye tell my friends to use it to,0,2026-01-02 15:47:42
app.coconote,Coconote - AI Note Taker,,Sean Falbee,2,"You all need to READ THE TERMS AND SERVICE AGREEMENT. If you are using this app, you are giving them everything, taking full liability, and giving them all of your trade secrets without consequences. You are also signing into a zero maintenance clause. Read the terms... You really should. Looks like a good app, but wow.. If you are using this for note taking, ESPECIALLY WITH INTELLECTUAL PROPERTY, and it isn't solidified as yours.. They OWN YOU.. Period..",3,2025-12-27 02:19:34
app.coconote,Coconote - AI Note Taker,,Supramita Sahu,4,"i use this app really often and it is really helpful i use yt video links and the app gives the whole summary, I'm loving it flashcards and quizzes are available too. but one problem is there that sometimes the screen shows failed to upload and not once, but many times. but overall the app is good.",3,2025-12-21 08:54:45
app.coconote,Coconote - AI Note Taker,,Clsalan Barud,5,Amazing 🤩,0,2025-12-20 21:05:53
app.coconote,Coconote - AI Note Taker,,ChillWill Curry,5,"Completely changed the game ,I use this at Church, in our POD meeting, Business even practice & training...... this is one of the most relative, a I apps, there is. i recommend it if you're a person that has to take notes....",5,2025-12-15 16:46:51
app.coconote,Coconote - AI Note Taker,,Reza Allahyari,5,عالی,0,2025-12-12 19:28:10
app.coconote,Coconote - AI Note Taker,,Cat Fig,5,This is a very good app this app is so helpful for students 💯,1,2025-12-12 13:57:31
app.coconote,Coconote - AI Note Taker,,Matt S,1,So glad that my once fully-working notes and transcripts completely fail to load after they're a month old... Worth the money👌,6,2025-12-10 03:45:44
app.coconote,Coconote - AI Note Taker,,Taghreed Alhalaq,3,paid app 😢 but very good design and idea and to implement.,2,2025-12-07 05:06:14
app.coconote,Coconote - AI Note Taker,,CHOUDHARYARNIK.CKS2018 CHOUDHARY,5,Very Nice Helpes me convert an hour video into some easy to read notes,0,2025-12-04 07:04:08
app.coconote,Coconote - AI Note Taker,,Cassie Anne Van Heerden,5,absolutely amazing,0,2025-12-03 21:15:37
app.coconote,Coconote - AI Note Taker,,Ky Ky,4,Please add the ability to make podcasts and save them on the app. Also I can't select the text in my notes,2,2025-12-02 15:37:59
app.coconote,Coconote - AI Note Taker,,Ashley Hardwick,1,app issues i need it to reflect that I paid for the app,0,2025-12-01 06:15:18
app.coconote,Coconote - AI Note Taker,,Menna ghaly,2,it's pretty good just the payment thing made me disappointed bcs it limited my use,0,2025-11-30 12:51:04
app.coconote,Coconote - AI Note Taker,,Jansen Kirsten Salamat,5,It's efficient for someone like me who is a college student and in need of time management. This helps me create notes and practice myself which a big help for me as a person who have also personal duties.,3,2025-11-29 03:10:01
app.coconote,Coconote - AI Note Taker,,Priya Ramharack,5,"It is a great app that helps me keep notes organised and makes studying easier with its various ai features creating flashcards and quizzes from either typed notes ,pdf or even video links. All of these features are free as well.",4,2025-11-27 00:26:18
app.coconote,Coconote - AI Note Taker,,Tracy Justice,5,very nice e you just give it text and it works with it. 🩷,1,2025-11-26 17:36:20
app.coconote,Coconote - AI Note Taker,,Restia Yuniarti,2,"Dude, I know I'm broke, just stop asking for premium. I haven't even had a chance to try the feature. Is it really a paid app? If it is then don't just put 'install' in playstore and put the price here right away.",8,2025-11-17 14:49:21
app.coconote,Coconote - AI Note Taker,,maryam fatima,5,it's perfect for starting if you are starting from zero,0,2025-11-05 13:59:04
app.coconote,Coconote - AI Note Taker,,lisa lubino,5,App fantastica e funzionale,0,2025-11-04 19:24:12
app.coconote,Coconote - AI Note Taker,,Samntha Mabulo,4,I would highly recommend this app.,0,2025-11-03 10:55:15
app.coconote,Coconote - AI Note Taker,,Hela Bela,5,good,0,2025-10-30 18:11:39
app.coconote,Coconote - AI Note Taker,,Precious Antwi,5,good,0,2025-10-29 08:19:50
app.coconote,Coconote - AI Note Taker,,BRENDAN RILEY,1,it's bad,0,2025-10-28 23:29:44
app.coconote,Coconote - AI Note Taker,,Mohamad Amin Meydani,1,it doesn't even go to the main page it's a tragedy,0,2025-10-27 08:25:27
app.coconote,Coconote - AI Note Taker,,Jc Allyson Formalejo,5,it's good for taking notes and testing your active recall to review for an upcoming quizzes or exams.,0,2025-10-23 19:11:21
app.coconote,Coconote - AI Note Taker,,Kananelo,1,doesn't allow me to take notes anymore I even deleted it then downloaded it again that too was useless,0,2025-10-23 05:10:41
app.coconote,Coconote - AI Note Taker,,Anshitha Gaming,5,this helped improve my grades,0,2025-10-22 11:23:23
app.coconote,Coconote - AI Note Taker,,Alessandro Orrico,1,"The tool itself is amazing, I use the paid version and I love it. However the app is quite buggy it crashes often, won't open often, you can't access the app unless you are connected to the internet and there is no offline version of your notes. Just some quality of life problems otherwise a very well made tool",4,2025-10-20 20:30:46
app.coconote,Coconote - AI Note Taker,,harvey li,5,"Awesome app for no cost at all! The transcripts help me with studying and helps with, well everything! 5 stars guarenteed!",2,2025-10-19 19:57:46
app.coconote,Coconote - AI Note Taker,,Samina Waqar,5,"this app is totally fire you just have to record your voice and boom, you. have such good notes with quiz and flash cards!!",2,2025-10-19 17:10:21
app.coconote,Coconote - AI Note Taker,,Ndukwo Godwin,5,FIVE 🌟 🤩,0,2025-10-16 16:16:37
app.coconote,Coconote - AI Note Taker,,Sarina Hamidi,5,good,0,2025-10-15 07:27:45
app.coconote,Coconote - AI Note Taker,,ced Ric,5,love it,0,2025-10-15 01:48:27
app.coconote,Coconote - AI Note Taker,,Sunil Kamble,5,खुप छान आहे aap मला खूप खूप खूप आवडला,0,2025-10-14 04:26:16
app.coconote,Coconote - AI Note Taker,,Sean De,4,it was cool to start but now when I click to make a note from audio or a link nothing happens at all. idk why but kinda defeats the purpose when 3 of the 4 options don't work at all,3,2025-10-13 22:17:52
app.coconote,Coconote - AI Note Taker,,Kirpa,5,is the best ever that I have ever used. and it is helpful for all subject but one issue is there it shows too many times to subscribe it. after all it's nice you can download and go for it 👍👌,2,2025-10-13 12:41:47
app.coconote,Coconote - AI Note Taker,,Emad,1,"How many questions before we begin, what is this am I in front of the FBI?!",0,2025-10-13 06:23:56
app.coconote,Coconote - AI Note Taker,,Usman,5,excellent 10/10 - Good for recording lectures,0,2025-10-10 20:54:48
app.coconote,Coconote - AI Note Taker,,Ocean,5,So far so good,0,2025-10-08 17:51:31
app.coconote,Coconote - AI Note Taker,,Kaisa Frey,5,"It really helps me learn for important tests. the quiz is great and flashcards too. I have only used it for a month so far, but I will definitely keep on using it.",7,2025-10-08 12:50:49
app.coconote,Coconote - AI Note Taker,,Dourgesh SEEBALUCK,1,Missing essential features in android as compared with IOS.,5,2025-10-07 05:37:23
app.coconote,Coconote - AI Note Taker,,Pouty Pouticate,5,Cool,0,2025-10-03 15:53:23
app.coconote,Coconote - AI Note Taker,,Nadine Farrington,3,"I am just learning to use this tool , but it is good , with very responsive app",0,2025-10-03 10:16:21
app.coconote,Coconote - AI Note Taker,,Heather Thompson,2,I want to cancel this. I was charged after the 7-day trial even though I wanted to Cancel. I cannot find any way to contact anyone to get this reversed. Any help is appreciated.,6,2025-10-01 21:06:28
app.coconote,Coconote - AI Note Taker,,Ravi Shanker,5,very good app,0,2025-09-28 05:59:28
app.coconote,Coconote - AI Note Taker,,Jecu Salo,5,It's Nice to Use,0,2025-09-28 00:14:34
app.coconote,Coconote - AI Note Taker,,Hosam Mohamed,5,very cool,0,2025-09-27 11:36:31
app.coconote,Coconote - AI Note Taker,,Kooki,5,"I truly think that this is a 10/10 app for studying especially how it breaks everything down for you AND makes flash cards AND can even make quizzes AND IT CAN MAKE NOTES IN EVEN ARABIC and you can TRANSLATE IT if you aren't good in a certain language, so even if ur yt video or whatever is in a language u don't understand well u can easily translate it and I appreciate that ALOT from this app",30,2025-09-26 14:53:08
ai.note.notepad.memo.journal.freenote,Freenotes - Notes Taking & PDF,,Yurei_Toshinome,5,"App magnifica, semplice e soprattutto GRATUITA!!! Ho cercato app per poter prendere appunti a scuola e quando ho trovato questa ho quasi pianto. La consiglio un botto. English: It's a wonderful app. It's simple and best of all it's FREE!!! I have tried to find an app to take notes for school and when I found this I almost cried. I absolutely recommend it.",0,2026-01-06 17:29:06
ai.note.notepad.memo.journal.freenote,Freenotes - Notes Taking & PDF,,Preeyanet Worakan,5,I love it,0,2026-01-06 17:12:51
ai.note.notepad.memo.journal.freenote,Freenotes - Notes Taking & PDF,,Prin Jia,5,cute,0,2026-01-06 17:02:21
ai.note.notepad.memo.journal.freenote,Freenotes - Notes Taking & PDF,,Artem “Lifeless” Yurko,5,"Nest app for handwritten notes. No ads, no premium subscription, just pure functionality and beautiful design. 5 out of 5.",0,2026-01-06 15:34:00
ai.note.notepad.memo.journal.freenote,Freenotes - Notes Taking & PDF,,Alya Belhoul,5,It is THE note-taking app like I'm not even joking 😍,0,2026-01-06 15:25:31
ai.note.notepad.memo.journal.freenote,Freenotes - Notes Taking & PDF,,PRATIKSHA SHETKAR,5,nice it is but it take time,0,2026-01-06 14:57:06
ai.note.notepad.memo.journal.freenote,Freenotes - Notes Taking & PDF,,Luqmanul Hakim,5,it's freeeeeeee yeyyyy,0,2026-01-06 13:53:05
ai.note.notepad.memo.journal.freenote,Freenotes - Notes Taking & PDF,,watson,5,super great,0,2026-01-06 12:21:19
ai.note.notepad.memo.journal.freenote,Freenotes - Notes Taking & PDF,,Neelam Queen,4,Nice app i like it 😄♥️,0,2026-01-06 11:43:15
ai.note.notepad.memo.journal.freenote,Freenotes - Notes Taking & PDF,,Jyoti Yadav,5,great job,0,2026-01-06 10:26:42
ai.note.notepad.memo.journal.freenote,Freenotes - Notes Taking & PDF,,bhumika dhanani,5,the best app in the world for students,0,2026-01-06 08:21:21
ai.note.notepad.memo.journal.freenote,Freenotes - Notes Taking & PDF,,Reebu Yadav,5,very nice applicaton,0,2026-01-06 07:45:13
ai.note.notepad.memo.journal.freenote,Freenotes - Notes Taking & PDF,,Karan Yadav,5,best experience of note taking and reliable to use all features are available in this application,0,2026-01-06 04:44:25
ai.note.notepad.memo.journal.freenote,Freenotes - Notes Taking & PDF,,Vinay Kumar Avj,5,"superb app, Please add Google drive support for more storage .",0,2026-01-06 01:57:50
ai.note.notepad.memo.journal.freenote,Freenotes - Notes Taking & PDF,,Dominique Fryer (DominiQue),1,"Supper frustrating to work with. I tried to do one of those title overlapping word things but the stupid block would constantly move it's self to the page before. Would try to create arrows and the app would turn them into some mutated, unwanted shape. Overall I'd say it's not user friendly.",0,2026-01-05 23:11:15
ai.note.notepad.memo.journal.freenote,Freenotes - Notes Taking & PDF,,Khin Thuzar,5,love to read and write in freenotes,0,2026-01-05 20:46:12
ai.note.notepad.memo.journal.freenote,Freenotes - Notes Taking & PDF,,Darcie,5,there is no ads it is the bets notes app ever,0,2026-01-05 20:45:25
ai.note.notepad.memo.journal.freenote,Freenotes - Notes Taking & PDF,,Hrishita Sarma,5,"Amazing, I love it. Hoping to see more updates & new features.",0,2026-01-05 20:42:25
ai.note.notepad.memo.journal.freenote,Freenotes - Notes Taking & PDF,,Akash Kumar,5,excellent 👍👍,0,2026-01-05 20:32:53
ai.note.notepad.memo.journal.freenote,Freenotes - Notes Taking & PDF,,khushwant sona,5,best note taking app for me,0,2026-01-05 18:58:07
ai.note.notepad.memo.journal.freenote,Freenotes - Notes Taking & PDF,,Satyam Kumar,5,Very accurate in use so much free Stickers to use I'm notes sooth writing experience,0,2026-01-05 16:16:16
ai.note.notepad.memo.journal.freenote,Freenotes - Notes Taking & PDF,,Avni Solanki,5,it's a very good app and very easy to use and very convenient,0,2026-01-05 14:49:19
ai.note.notepad.memo.journal.freenote,Freenotes - Notes Taking & PDF,,Charm Minano,5,this is the best way to take note and this is the best app I've seen in my life its free it has a lot of nice things and the best thing is it's free you really need this app 5 stars ⭐⭐⭐⭐⭐ must try!!,0,2026-01-05 13:33:26
ai.note.notepad.memo.journal.freenote,Freenotes - Notes Taking & PDF,,Geeta Agashe,5,best and free,0,2026-01-05 11:22:32
ai.note.notepad.memo.journal.freenote,Freenotes - Notes Taking & PDF,,An M oL,5,great appreciation,0,2026-01-05 08:40:36
ai.note.notepad.memo.journal.freenote,Freenotes - Notes Taking & PDF,,drakhshan sadaf,5,brilliant app,0,2026-01-05 07:24:53
ai.note.notepad.memo.journal.freenote,Freenotes - Notes Taking & PDF,,Fatima Haider,4,omg I love it it is like everything you need to do in digital app and yes this take no money 💷 and I love the highlights,0,2026-01-05 07:21:07
ai.note.notepad.memo.journal.freenote,Freenotes - Notes Taking & PDF,,Fida _,5,very helpful to take notes.,0,2026-01-05 06:17:55
ai.note.notepad.memo.journal.freenote,Freenotes - Notes Taking & PDF,,عبدالرحمن احمد صالح,5,It's very nice and the quality is amazing! It's absolutely amazing and the quality is fantastic! I highly recommend it. 💋💋💋,0,2026-01-05 05:20:37
ai.note.notepad.memo.journal.freenote,Freenotes - Notes Taking & PDF,,Vikash Choudhary,5,Very good experience using this app.,0,2026-01-05 04:08:08
ai.note.notepad.memo.journal.freenote,Freenotes - Notes Taking & PDF,,Moin Shabir,5,Salam This app gives immense work despite being free It still needs improvement as is needed by those who are free,0,2026-01-05 03:41:38
ai.note.notepad.memo.journal.freenote,Freenotes - Notes Taking & PDF,,yzn,5,amazing,0,2026-01-04 21:16:06
ai.note.notepad.memo.journal.freenote,Freenotes - Notes Taking & PDF,,Norlly Isa,5,nice,0,2026-01-04 17:26:09
ai.note.notepad.memo.journal.freenote,Freenotes - Notes Taking & PDF,,Pratik Chavan,5,really great app. and it's free. probably the best free notes app available for students right now👍. much appreciation to developers,0,2026-01-04 16:07:47
ai.note.notepad.memo.journal.freenote,Freenotes - Notes Taking & PDF,,Ramesh Gadre,5,very nice app especially for students 😄,0,2026-01-04 14:55:34
ai.note.notepad.memo.journal.freenote,Freenotes - Notes Taking & PDF,,Rohan Mhetre,5,Best Experience Ever,0,2026-01-04 14:30:12
ai.note.notepad.memo.journal.freenote,Freenotes - Notes Taking & PDF,,Kristin Lynch,5,"Lots of choices. very nice, pretty, clean and fun.",0,2026-01-04 14:29:41
ai.note.notepad.memo.journal.freenote,Freenotes - Notes Taking & PDF,,Layanaa,5,tant que ça reste gratuit application excellente,0,2026-01-04 13:35:45
ai.note.notepad.memo.journal.freenote,Freenotes - Notes Taking & PDF,,BecomeA Topper,5,bestest app no competitor yet ...keep it free,0,2026-01-04 13:26:02
ai.note.notepad.memo.journal.freenote,Freenotes - Notes Taking & PDF,,MST Mouhua,5,This app is nice,0,2026-01-04 11:36:22
ai.note.notepad.memo.journal.freenote,Freenotes - Notes Taking & PDF,,Shazeb Ali,5,This app is just wonderful trust me the best free note taking app. The thing i like is the inbuilt stationary shop where every thing is free . The writing experience is magnificient. Thanks for making an app this good completely for free 🤩♥️,0,2026-01-04 09:02:18
ai.note.notepad.memo.journal.freenote,Freenotes - Notes Taking & PDF,,Tekuatar Indane,3,"it's very good note taking app, but one very important feature is missing which is ""convert to maths"".",0,2026-01-04 08:37:50
ai.note.notepad.memo.journal.freenote,Freenotes - Notes Taking & PDF,,Saubhik Mukherjee,4,good until it stays free,0,2026-01-04 08:22:42
ai.note.notepad.memo.journal.freenote,Freenotes - Notes Taking & PDF,,Sudnyan Naik,5,Best free note taking and annotation app.. I hope you keep it free,0,2026-01-04 07:09:30
ai.note.notepad.memo.journal.freenote,Freenotes - Notes Taking & PDF,,Manisha,5,"I really love this app it's so easy to use also it is visually pleasing 😊 the templates are also good and it is very smooth in other words it is very aesthetic type app, the tools are really great 👍",0,2026-01-04 06:43:03
ai.note.notepad.memo.journal.freenote,Freenotes - Notes Taking & PDF,,Luis Carlos Manrique,5,incredible app,0,2026-01-04 02:41:22
ai.note.notepad.memo.journal.freenote,Freenotes - Notes Taking & PDF,,Veteran95Old,5,"If it's a free app completely, I'd say go for this note-taking app.",0,2026-01-04 00:59:00
ai.note.notepad.memo.journal.freenote,Freenotes - Notes Taking & PDF,,Gaurav srivastava,5,I recently downloaded the app for now it's the best app I'm playstore for Note taking hoping for a good experience in future too,0,2026-01-03 23:34:49
ai.note.notepad.memo.journal.freenote,Freenotes - Notes Taking & PDF,,Anshu Chaudhary,2,good,0,2026-01-03 22:35:43
ai.note.notepad.memo.journal.freenote,Freenotes - Notes Taking & PDF,,Raju Kumar,5,good,0,2026-01-03 22:18:58
com.jideos.jnotes.overseas.google,"Jnotes: Note-Taking, AI, PDF",,Steph Parker,1,"Tried to purchase the full version and it wouldn't let me. So I go to the Website from in the app and it's all in untranslatable Chinese. Then it wants me to rate it, well the process so fare has been very poor.",0,2026-01-06 11:01:09
com.jideos.jnotes.overseas.google,"Jnotes: Note-Taking, AI, PDF",,Arturito Jonathan,1,"buggi & annoying, it keeps creating a folder with logs, even when yave not used in years_⁴ it s keps creating pop up s",0,2026-01-05 18:03:44
com.jideos.jnotes.overseas.google,"Jnotes: Note-Taking, AI, PDF",,محمد البياتي,1,تطبيق سيء جدا لا انصح بتحميله واشتراك به لأنهم محتالون انا اشتركت اشتراك دائمي ولكن ميزات ذكاء الاصطناعي مغلقه لدي يريدون بعد الاموال وكذلك لا يضيفون حجم أوراق اكبر من A3 فأنا اريد رسم لوحات على A1 او A0 لم يضيفوا هذه الخاصية,0,2026-01-04 22:32:27
com.jideos.jnotes.overseas.google,"Jnotes: Note-Taking, AI, PDF",,Zahra Azimi,5,nice app,0,2026-01-02 18:57:09
com.jideos.jnotes.overseas.google,"Jnotes: Note-Taking, AI, PDF",,Its Bucky,4,"literally one of the best applications I've ever used,helped me sm with my studies 💖💖",0,2026-01-01 15:12:11
com.jideos.jnotes.overseas.google,"Jnotes: Note-Taking, AI, PDF",,Raquel H,3,I would like more templates & journal options,0,2026-01-01 02:26:24
com.jideos.jnotes.overseas.google,"Jnotes: Note-Taking, AI, PDF",,morteza sanjarbeygi,1,اثلا جالب نبود کار نمی کرد,1,2025-12-31 05:47:14
com.jideos.jnotes.overseas.google,"Jnotes: Note-Taking, AI, PDF",,rawan ashraf,3,"a really good app,love it",0,2025-12-30 17:33:30
com.jideos.jnotes.overseas.google,"Jnotes: Note-Taking, AI, PDF",,Seso,3,"Please implement the function to export a directory or multiple pdf all at once, would be a big update. clicking hundreds of times is pointless",0,2025-12-30 13:01:18
com.jideos.jnotes.overseas.google,"Jnotes: Note-Taking, AI, PDF",,Mau Patil,5,a very happy with using jnotes,0,2025-12-29 05:07:01
com.jideos.jnotes.overseas.google,"Jnotes: Note-Taking, AI, PDF",,Tahir Azad Mohd,5,good,0,2025-12-28 14:11:43
com.jideos.jnotes.overseas.google,"Jnotes: Note-Taking, AI, PDF",,Jeremy Lau,4,"Hi, I need to search for a notebook with the word ""Amy"". Can you please this function? =)",0,2025-12-28 01:10:58
com.jideos.jnotes.overseas.google,"Jnotes: Note-Taking, AI, PDF",,Mehtab Ansari,5,nice according to my use,0,2025-12-27 14:18:35
com.jideos.jnotes.overseas.google,"Jnotes: Note-Taking, AI, PDF",,Konseng Kpanika Simon,5,good,0,2025-12-27 04:10:56
com.jideos.jnotes.overseas.google,"Jnotes: Note-Taking, AI, PDF",,Mariana Ospina (Mari),3,"it's a really completely and useful tool, I've been using it for almost 2 years and I liked it so I decided to unlock more settings, so I went to the VIP session, there I found a recharge Beancoin, I didn't found too much information about so I supposed that it was a purchase to unlock more options and I bought one, but I didn't see any change, can someone tell me what did I bought?🫠",1,2025-12-26 00:50:03
com.jideos.jnotes.overseas.google,"Jnotes: Note-Taking, AI, PDF",,devuis dan,3,because it don't go to a blanket paper when you click new but in the future I hope there's pick options of what pager do you want before it put you in notes,0,2025-12-26 00:26:28
com.jideos.jnotes.overseas.google,"Jnotes: Note-Taking, AI, PDF",,Sana Moharamzadeh,5,This is Wonderfull😍👍🏻👍🏻👍🏻👍🏻,0,2025-12-25 02:29:34
com.jideos.jnotes.overseas.google,"Jnotes: Note-Taking, AI, PDF",,Hector Guillermo Salazar,4,"It's practical, writing is smooth and feels nice, I'm still getting used to the flow. If you want the full looks as advertised you have to pay though.",0,2025-12-23 19:12:39
com.jideos.jnotes.overseas.google,"Jnotes: Note-Taking, AI, PDF",,Zahraa,2,"Subject: Request to Re-enable Arabic Language and Highlight Transparency Dear J Note Support Team, I hope this message finds you well. I am writing to kindly request the re-enabling of the Arabic language option in the J Note app. Additionally, I would like to request that the highlight transparency feature be restored so that text remains visible and clear underneath the highlight. These features are very important for us, and I believe they significantly enhance the user experience. Thank you",2,2025-12-23 15:26:12
com.jideos.jnotes.overseas.google,"Jnotes: Note-Taking, AI, PDF",,Haris Zaheer,3,"Needs serious improvements. The feature set is good, the app is good as well. It's just that scrolling is extremely rigid and laggy, shifting between pages or zooming in results in jerky re-rendering of the written material... It's a good app with real poor implementation, because despite offering many good and great features, the user experience is really bad at this point.",0,2025-12-23 02:38:36
com.jideos.jnotes.overseas.google,"Jnotes: Note-Taking, AI, PDF",,Ananya Sharma,5,The best app for making notes 🎀👍,0,2025-12-22 17:14:43
com.jideos.jnotes.overseas.google,"Jnotes: Note-Taking, AI, PDF",,Phil K,5,after using a bit it's good for taking notes,0,2025-12-22 03:55:10
com.jideos.jnotes.overseas.google,"Jnotes: Note-Taking, AI, PDF",,Scott Dille,4,"it nice, but other screens try and jump on top of this and messes things up. a lot of erasing. I wish it would lock any other screen until you save or close this program",1,2025-12-20 23:50:52
com.jideos.jnotes.overseas.google,"Jnotes: Note-Taking, AI, PDF",,Rising Jack,1,"scam. took subscription for 1year , now but app was sluggish didn't used for approx 3 months. today on login, again have to upgrade, no any subscription is showing.",0,2025-12-19 20:42:31
com.jideos.jnotes.overseas.google,"Jnotes: Note-Taking, AI, PDF",,Can Oelker,1,pay to use,1,2025-12-18 19:37:32
com.jideos.jnotes.overseas.google,"Jnotes: Note-Taking, AI, PDF",,KAMILAH REED,5,"So far I'm finding it easier to use than OneNote, however, I'm trying to figure out how to organize my notes in different folders. I'll eventually figure it out.",0,2025-12-14 17:15:43
com.jideos.jnotes.overseas.google,"Jnotes: Note-Taking, AI, PDF",,Biiol Z,5,جيييد,0,2025-12-10 20:08:44
com.jideos.jnotes.overseas.google,"Jnotes: Note-Taking, AI, PDF",,Scott C,4,Took a while to login and it will not remember the password. You have to keep using an email code. Other than that everything seems to work just fine. You can backup to Drive or OneDrive but I did not find an option to sync across devices (my phone and tablet).,1,2025-12-10 06:04:50
com.jideos.jnotes.overseas.google,"Jnotes: Note-Taking, AI, PDF",,Kevin Marcus,1,needs multi device sync capabilities. Four months later and still no realtime syncing of notes. Their idea of syncing is copying a note to a server (backup) and once it is there it will not update it if the note is changed. You must create a new AI note every time you want to sync the new additions. oh. and you can't delete the old copies either....,1,2025-12-10 04:56:11
com.jideos.jnotes.overseas.google,"Jnotes: Note-Taking, AI, PDF",,Javier Medina,5,the beast app,0,2025-12-09 12:42:40
com.jideos.jnotes.overseas.google,"Jnotes: Note-Taking, AI, PDF",,NURUL HANISA BINTI JEMELI,5,"Im starting using this apps from the performance in 50-50 but now WOW! Thats a lot of thing have been upgraded. Im so enjoy using this apps for my study and productivity. Just one more, I hope have ruler 👉🏻👈🏻.",1,2025-12-09 12:05:19
com.jideos.jnotes.overseas.google,"Jnotes: Note-Taking, AI, PDF",,Rudra raj Sharma,5,This is bewt for write daily tasks also,0,2025-12-08 13:31:28
com.jideos.jnotes.overseas.google,"Jnotes: Note-Taking, AI, PDF",,Lisa Tomczak,1,"I would like to purchase the lifetime option, however the app is not responding when I try to complete the purchase.",0,2025-12-07 00:43:05
com.jideos.jnotes.overseas.google,"Jnotes: Note-Taking, AI, PDF",,Byard Parks,5,"first app that has all the features I need, with great templates, and super handwriting quality at an affordable price. I like it. (would only wish for two things....a) linking to other notes (it only links within pages of the same note. and b) ability to go back to last viewed page after clicking a hyperlink in a PDF.",8,2025-12-06 21:23:19
com.jideos.jnotes.overseas.google,"Jnotes: Note-Taking, AI, PDF",,Jheedelian Abapo,5,Good note for a beggener,0,2025-12-06 15:45:40
com.jideos.jnotes.overseas.google,"Jnotes: Note-Taking, AI, PDF",,Andrada Iulia Pascu,1,"How do I cancel my yearly subscription? Don't pay, you won't be able to stop!!!!!!!!",0,2025-12-05 20:51:48
com.jideos.jnotes.overseas.google,"Jnotes: Note-Taking, AI, PDF",,Raktim Gohain,2,I am not able to open my app I am a premium customer. kindly help me with it fast I have all my note here.I have mailed my issue to the respective address pls address the same on urgent basis,0,2025-12-04 15:18:20
com.jideos.jnotes.overseas.google,"Jnotes: Note-Taking, AI, PDF",,Aaron Thomas,1,wants you to earn beancoin? what a major distraction for a journal,0,2025-12-04 06:01:46
com.jideos.jnotes.overseas.google,"Jnotes: Note-Taking, AI, PDF",,Alaa Huseen,5,This app is amazing thank. you for all the options,0,2025-12-03 22:17:36
com.jideos.jnotes.overseas.google,"Jnotes: Note-Taking, AI, PDF",,Ансия Бесс,3,1.при экспорте половина текста со страниц исчезает. 2. выделение текста жирным часто тупит,0,2025-12-03 19:39:22
com.jideos.jnotes.overseas.google,"Jnotes: Note-Taking, AI, PDF",,vanessa s,5,Exceeded my expectations though I'm still finding out what I can do in the app. A tutorial would be very nice thank you,0,2025-12-03 18:19:54
com.jideos.jnotes.overseas.google,"Jnotes: Note-Taking, AI, PDF",,Wali Ahmed,5,best,0,2025-12-02 17:34:35
com.jideos.jnotes.overseas.google,"Jnotes: Note-Taking, AI, PDF",,Vishal Rooj,5,Very Good.,0,2025-12-01 19:27:37
com.jideos.jnotes.overseas.google,"Jnotes: Note-Taking, AI, PDF",,albert neacsu,4,Great app! There are no customizable zoom options for the working sheet.,0,2025-12-01 09:11:11
com.jideos.jnotes.overseas.google,"Jnotes: Note-Taking, AI, PDF",,Leena AlBani,3,"It was my favorite notes app, but suddenly all my files couldn't open/were corrupted. It was 5 stars all around despite being free but that really disappointed me and I can't trust it anymore. Also back then I wished there was a ruler tool. Thanks for the good times.",0,2025-11-30 11:12:02
com.jideos.jnotes.overseas.google,"Jnotes: Note-Taking, AI, PDF",,AYUSHI PANCHAL,3,can you please add a feature in which we can change the location of the whole toolbar .,0,2025-11-29 11:10:06
com.jideos.jnotes.overseas.google,"Jnotes: Note-Taking, AI, PDF",,Rahmaa Mola,5,the best app for your study,0,2025-11-29 11:04:10
com.jideos.jnotes.overseas.google,"Jnotes: Note-Taking, AI, PDF",,iszezillaman Entertainment,4,it needs more features or it would be a 5*,0,2025-11-28 20:36:55
com.jideos.jnotes.overseas.google,"Jnotes: Note-Taking, AI, PDF",,Arkadeep,2,Cross device cloud sync is exceptionally bad,0,2025-11-28 13:01:58
com.jideos.jnotes.overseas.google,"Jnotes: Note-Taking, AI, PDF",,potato-san,1,ok so it has been kinda good even with all the premium stuuf that you have to buy BUT!!! to put ads when i enter the app is really not nice . like seriously please stop putting ads. pls.,2,2025-11-28 09:52:02
com.feraset.ainote,AI Note Taker - Meeting Notes,,Ann Marie Smith,2,app crashes when I try to save audio. I keep getting an error message and I lose my audio recording,0,2026-01-04 04:26:08
com.feraset.ainote,AI Note Taker - Meeting Notes,,Wilfred Susulu,1,happy to joint this apps,0,2025-11-20 02:59:08
com.feraset.ainote,AI Note Taker - Meeting Notes,,Mwimba Mutale,1,It logged out and did not even record anything. Even after trying the trial before payment is made.,0,2025-11-12 17:02:37
com.feraset.ainote,AI Note Taker - Meeting Notes,,Banquo Jo'burg,5,nice one,0,2025-11-05 10:57:30
com.feraset.ainote,AI Note Taker - Meeting Notes,,Uwaechina chidera,5,I love this app,0,2025-10-27 12:00:52
com.feraset.ainote,AI Note Taker - Meeting Notes,,The Animator Composer,1,it lags man. scam!,0,2025-10-25 12:13:16
com.feraset.ainote,AI Note Taker - Meeting Notes,,Muhammad,4,nice app,0,2025-10-24 15:24:57
com.feraset.ainote,AI Note Taker - Meeting Notes,,David Warner,5,Good,0,2025-10-23 17:43:51
com.feraset.ainote,AI Note Taker - Meeting Notes,,Jacob Gongden,5,Fantastic,0,2025-10-13 14:01:35
com.feraset.ainote,AI Note Taker - Meeting Notes,,Boniface Wanyonyi,4,"A very good, reliable and easy to use app.",2,2025-10-06 14:05:22
com.feraset.ainote,AI Note Taker - Meeting Notes,,Amb. Amadi Good,5,well done,0,2025-09-27 03:35:50
com.feraset.ainote,AI Note Taker - Meeting Notes,,Alhaji Ahmadu osman Jerry martin tee,5,great 👍,0,2025-08-22 02:52:58
com.feraset.ainote,AI Note Taker - Meeting Notes,,Isaac Dickson,5,grate app,0,2025-08-20 07:34:26
com.feraset.ainote,AI Note Taker - Meeting Notes,,Ngozi Blessing,5,nice app,0,2025-08-19 19:19:00
com.feraset.ainote,AI Note Taker - Meeting Notes,,MariaDivine Santos,1,I need to pay just to access,0,2025-08-17 15:24:49
com.feraset.ainote,AI Note Taker - Meeting Notes,,Hony Rose C.abalquinto Sansolis,5,so nice,0,2025-08-13 15:16:10
com.feraset.ainote,AI Note Taker - Meeting Notes,,Brandon Griffin,5,great so far,0,2025-08-11 13:47:03
com.feraset.ainote,AI Note Taker - Meeting Notes,,Ukeme Essien,5,it reasonable,0,2025-08-05 05:36:38
com.feraset.ainote,AI Note Taker - Meeting Notes,,marcnathan fernandez,5,it's so good,0,2025-07-29 13:00:49
com.feraset.ainote,AI Note Taker - Meeting Notes,,juniorsakui KONNY,5,fantastic,0,2025-07-29 05:04:04
com.feraset.ainote,AI Note Taker - Meeting Notes,,MURNIZA YUNUS,5,not free,0,2025-07-16 02:24:58
com.feraset.ainote,AI Note Taker - Meeting Notes,,Abram Mafunko,5,The app is excellent,0,2025-07-08 04:51:15
com.feraset.ainote,AI Note Taker - Meeting Notes,,Maria Fátima Pereira Guterres,2,this apps is not working as expected. I can not make my note,0,2025-06-18 01:28:08
com.feraset.ainote,AI Note Taker - Meeting Notes,,isaac duah,5,nice,0,2025-06-12 22:06:09
com.feraset.ainote,AI Note Taker - Meeting Notes,,Samira Seenu,1,sabse bakwaas aur waariat app don't download it .,0,2025-06-03 15:47:05
com.feraset.ainote,AI Note Taker - Meeting Notes,,Kevin Hind,5,brilliant 👏 👏 👏,0,2025-06-01 21:14:06
com.feraset.ainote,AI Note Taker - Meeting Notes,,ASHUTOSH KUMAR YADAV VI-A,4,👍,0,2025-06-01 20:13:20
com.feraset.ainote,AI Note Taker - Meeting Notes,,Ghiloufi Marwa,5,nice application,0,2025-06-01 13:22:30
com.feraset.ainote,AI Note Taker - Meeting Notes,,Jameila Anderson,4,I don't like when I pay on other AI app because I don't have it,7,2025-05-16 13:07:06
com.feraset.ainote,AI Note Taker - Meeting Notes,,kshama gupta vishwakarma,4,good,0,2025-05-14 18:26:19
com.feraset.ainote,AI Note Taker - Meeting Notes,,Mo Hosein Habibi,1,something went wrong when I tied to test it,0,2025-05-11 20:18:41
com.feraset.ainote,AI Note Taker - Meeting Notes,,Owam Resha,1,I can't find my recodings,0,2025-05-07 10:58:36
com.feraset.ainote,AI Note Taker - Meeting Notes,,Ronaldo Salentes,5,good job,0,2025-05-06 09:32:04
com.feraset.ainote,AI Note Taker - Meeting Notes,,Jeremy Haskins,1,it fails more often then it works and when you contact support no one responds at all. waist of money.,4,2025-04-24 21:44:59
com.feraset.ainote,AI Note Taker - Meeting Notes,,Gaurav Kumar,5,Excellent,0,2025-04-17 18:29:40
com.feraset.ainote,AI Note Taker - Meeting Notes,,Naveenal Sj,5,good,0,2025-04-17 15:13:47
com.feraset.ainote,AI Note Taker - Meeting Notes,,Maira Sheikh,5,Excellent 👍,0,2025-04-17 10:44:56
com.feraset.ainote,AI Note Taker - Meeting Notes,,Ndukwe Ude,5,great.,0,2025-04-14 16:06:33
com.feraset.ainote,AI Note Taker - Meeting Notes,,Cecilia Adajio,5,ok,0,2025-04-10 02:30:41
com.feraset.ainote,AI Note Taker - Meeting Notes,,Dr Seth Wetoyi Adams,4,It's very good 👍,1,2025-04-06 15:47:33
com.feraset.ainote,AI Note Taker - Meeting Notes,,SAMSON GWASHI,1,"I have to pay before even giving it a trial,yet they want me to rate them 5stars",4,2025-03-25 07:05:22
com.feraset.ainote,AI Note Taker - Meeting Notes,,Philemon Missian,1,Great app to use,0,2025-03-24 02:54:43
com.feraset.ainote,AI Note Taker - Meeting Notes,,anant pandey,5,good,0,2025-03-21 06:23:06
com.feraset.ainote,AI Note Taker - Meeting Notes,,Ztr Hs,1,Always about money,0,2025-03-17 10:15:10
com.feraset.ainote,AI Note Taker - Meeting Notes,,hyacinth Okafor,5,it's quite innovative,1,2025-03-15 07:39:44
com.feraset.ainote,AI Note Taker - Meeting Notes,,Patrick Jay Marinas,5,thank you,5,2025-03-12 05:30:01
com.feraset.ainote,AI Note Taker - Meeting Notes,,Anna Achangwo,5,"so excellent, and I would like to inform my friends about the app.",9,2025-03-09 11:09:46
com.feraset.ainote,AI Note Taker - Meeting Notes,,Lindburgh Thompson,2,like it,0,2025-03-07 18:16:34
com.feraset.ainote,AI Note Taker - Meeting Notes,,Ignatius Wong,5,Good,0,2025-02-19 16:53:48
com.feraset.ainote,AI Note Taker - Meeting Notes,,BETELEHEM TESFAYE,5,it good,0,2025-01-30 15:23:36
com.myscript.nebo,MyScript Notes (Nebo),,Abdullatif Tukhtaboev,5,"organised + notebooks + infinite canvas , all in one app, splendid",0,2026-01-06 15:02:44
com.myscript.nebo,MyScript Notes (Nebo),,Athisdana Subasgaran,5,Fun online notebook,0,2026-01-05 18:53:15
com.myscript.nebo,MyScript Notes (Nebo),,Felix Q,4,great app oVerall but sketches or drawings need support other wise it gets OCRed. Recommend providing an insertable adjustable scratchpad or drawing where users can sketch or move in page,0,2026-01-05 11:55:27
com.myscript.nebo,MyScript Notes (Nebo),,Samael Orión,4,"love it, i'm a pro user and it's definitely worth it, one of the best apps i've used for note taking. My only ""problem"" is that ios has more and better updates and features that are really useful, like tap to undo, but all in all it's really complete and the one time payment is worth it. One thing that would make life easier is being able to insert pdfs as pages on notebooks and hexagonal pages for chem students.",0,2026-01-05 11:54:30
com.myscript.nebo,MyScript Notes (Nebo),,Loretta Davis,1,"Too complicated, and adding Al only made it worse in several ways. 

Also: Dear MyScript developers, please: no more AI in your Nebo / Notes apps -- especially not in Nebo Lite (a product that you will need to make in the future, preferably the near-future, if you haven't already begun making it)! Please more-or-less bring back MyScript Stylus and MyScript StylusBeta -- two products like-unto Nebo, in the glorious simplicity of StylusBeta, and without any AI whatsoever.",0,2026-01-04 08:40:58
com.myscript.nebo,MyScript Notes (Nebo),,Ammar Ahmed,5,great app for taking notes. Absolutely Love it.❤️,0,2026-01-04 05:40:25
com.myscript.nebo,MyScript Notes (Nebo),,Graweeld - (grwd),1,"Don't force an online login even before first use, have some local, offline functionality too.",0,2026-01-03 12:24:20
com.myscript.nebo,MyScript Notes (Nebo),,akram ammour,5,❤️,0,2026-01-02 14:53:25
com.myscript.nebo,MyScript Notes (Nebo),,Bill LeMass,1,"fails to send sms,why necessary anyway",0,2025-12-30 23:05:22
com.myscript.nebo,MyScript Notes (Nebo),,Anthony Rivera,1,"I can't sign in using my Google account. It keeps up sending me back to sign in after I already sign in. i tried this on both my tablet and my phone, It's just the same thing over and over again. This is completely useless. Can't believe I paid for this 💩",0,2025-12-30 22:19:20
com.myscript.nebo,MyScript Notes (Nebo),,Rose Hope,5,I love the app I can organize things so well!!,0,2025-12-29 14:48:13
com.myscript.nebo,MyScript Notes (Nebo),,David Hastings,1,"slimy sleezy methods. You have to create an account just to start the stupid app (giving personal info out), then, after you've created an account and exposed personal information, you can't even try the stupid app without signing up for either a subscription or buying a lifetime license. This whole experience is just pretty sleazy. I don't understand why people put up with this crap",0,2025-12-29 05:42:28
com.myscript.nebo,MyScript Notes (Nebo),,Amey Vidvans,4,The app is just wonderful . only missing thing is to add images directly from web . This will make it one of the best .,1,2025-12-28 19:11:18
com.myscript.nebo,MyScript Notes (Nebo),,Tessa Eskander,5,"I used it for taking notes in college classes. It is easy to upload pdf files and type/write on the same document. however, exporting can be a bit finicky and takes several tries to work sometimes (which is stressful if you like to review/make last-minute edits just before a deadline). but it has always worked eventually (sometimes restarting the app helps) and I haven't missed any assignments yet.",1,2025-12-28 15:25:00
com.myscript.nebo,MyScript Notes (Nebo),,Duke Slasher,1,I hate subscriptions,0,2025-12-27 21:03:48
com.myscript.nebo,MyScript Notes (Nebo),,Shalvi Pandey,5,WE JUST NEED CUTE FONTS AND THIS APP'S ALREADY LEGIT!!! 🎀🎀🎀,0,2025-12-27 18:45:05
com.myscript.nebo,MyScript Notes (Nebo),,pavan gupta,5,Everything here. Purchased Best app. Thanks for update Crop features 🙂,0,2025-12-27 13:34:59
com.myscript.nebo,MyScript Notes (Nebo),,Jakub Kozłowski,1,can't test the app without making an account,0,2025-12-27 01:18:54
com.myscript.nebo,MyScript Notes (Nebo),,K Harvey,5,Works perfectly. Very professionally made. love it.,0,2025-12-25 11:38:06
com.myscript.nebo,MyScript Notes (Nebo),,Alexey Zarubin (r00t3g),5,"Using it on my tablet (OnePlus Tab 3 with pen) and for now it is the most convenient among all the others I'vet tested for handwriting and mind mapping. The interface is just the perfect - only what you really need is always there, good palm rejection and sharp handwriting without artifacts, awesome text recognition and math solver. 👍 As a feature request, it would be great to have lists along with notebooks and canvases - ToDo's/shopping. Like make list at home, tick checkboxes in the store.",2,2025-12-25 11:09:28
com.myscript.nebo,MyScript Notes (Nebo),,Doigen,3,Still no Hebrew support after years of development,0,2025-12-24 18:42:58
com.myscript.nebo,MyScript Notes (Nebo),,Victor Berchet,5,One of the best Android app to use with a stylus,0,2025-12-24 11:54:17
com.myscript.nebo,MyScript Notes (Nebo),,Muhammad A s,5,"nebo was really good to write and save notes, it was smooth to write. accessing via multiple devices is a time saver. need the full screen feature to read without tool bars.",0,2025-12-24 02:20:46
com.myscript.nebo,MyScript Notes (Nebo),,Mohammad Ali Andrabi,5,"Absolutely loving MyScript Notes! This app has revolutionized my note-taking. Handwriting recognition is spot-on, even for my messy writing. Super easy to organize notes with custom layouts and cloud sync—perfect for studies. Loved it as Nebo, and it's only gotten better. Best notes app out there—5 stars!",0,2025-12-23 15:46:17
com.myscript.nebo,MyScript Notes (Nebo),,Santhosh Mythreya,3,the app works fine but one issue I had was when editing somewhat large files (200MB)it kept crashing...,0,2025-12-23 13:03:37
com.myscript.nebo,MyScript Notes (Nebo),,Hridyansh,4,not free everything,0,2025-12-22 16:37:45
com.myscript.nebo,MyScript Notes (Nebo),,Austin Scott,5,"heartbroken that this happened, I hope they can help. this came pre-installed full version, as a gift when you buy the Lenovo pro tablet that I got. I'm so busy with work in class and doctor's appts that I accidentally removed it when I was getting rid of bloatware before I found out how great and loved this app is. now I can't restore the full lifet vers, and I can't afford it either. I lost otherwise this is an app that helps me so much with school work doctors meds and surgery care :(",0,2025-12-22 08:11:44
com.myscript.nebo,MyScript Notes (Nebo),,Darius R,1,impossible to use without an account,0,2025-12-21 23:56:11
com.myscript.nebo,MyScript Notes (Nebo),,Shi Qi Ong,5,"My script has been useful for my studies to annotate my slides from classes. I also enjoy that once I am done annotating the slides, I can export the slides together as a single file. The AI explanation has also been great for me if I don't understand certain content. I guess if it could detect words from images in the slides it would be better. it's just that the application can't be open across multiple devices at the same time, otherwise they will save a conflicted copy. otherwise, a good app",2,2025-12-20 12:31:34
com.myscript.nebo,MyScript Notes (Nebo),,MR. teacher,1,I bought life time purchase why when i draw a circle square etc its doesnt correct it while it says it has this function my device is huawei matepad and i use M3 pen,0,2025-12-19 23:19:06
com.myscript.nebo,MyScript Notes (Nebo),,Chandan Kumar,5,Best apps for note making for free . It supports auto shape recognition features that makes it unique and I love this feature.,0,2025-12-19 21:34:21
com.myscript.nebo,MyScript Notes (Nebo),,Varun Verma,4,The overall app experience is fabulous. But a problem with oneplus stylo 2. i can't experience the iconic haptic feedback and the sound or writing. I don't receive any ads(premium version). The animations could be improved- sometimes feels laggy.,0,2025-12-18 19:17:15
com.myscript.nebo,MyScript Notes (Nebo),,Dilpreet Singh Harika,5,great platform for the notes,0,2025-12-18 16:50:15
com.myscript.nebo,MyScript Notes (Nebo),,BALWANT SAHU,1,before starting it is compulsory to login,0,2025-12-18 04:05:10
com.myscript.nebo,MyScript Notes (Nebo),,"Michael Flint, SR",1,"Update 12/17/2025 一 Ever since this last update your app won't load because I block the trackers and before it worked!! I don't use the cloud, only this device!! So glad I didn't buy your lifetime plan, because now I won't be using your app!!! 一 5 trackers now!!! When you get rid of the 4 trackers you have I'll use you again!!!",3,2025-12-17 11:33:58
com.myscript.nebo,MyScript Notes (Nebo),,Will Lowe,4,"Some minor issues, first off, I can only seem to purchase a licence when it pops up on a daily basis, but if things go weird, there is no obvious 'Buy now' option in settings. Secondly, in my haste, I seem to have borked up the cloud settings and can't reset, please have an option to rectify these delightful technological issues. Besides those issues, it mostly understands my terrible scrawl, serves its purpose. Just need to get it synced to the cloud, and get cloud permissions sorted.",6,2025-12-16 21:04:41
com.myscript.nebo,MyScript Notes (Nebo),,Radioactiverm,5,"Absolutely amazing, great design and it works flawlessly even with other languages. First app where I actually bought the subscription because it's worth it and the price is reasonable. 10/10",0,2025-12-15 18:27:43
com.myscript.nebo,MyScript Notes (Nebo),,Raymond Matteson,5,Great PDF annotator. Very reliable.,0,2025-12-15 14:04:56
com.myscript.nebo,MyScript Notes (Nebo),,Jonathan Nunez,4,"The app does what I need it for. notes, Ai summary and explanation. However it would be great if it could offer more sync apps like one drive or nextcloud. AI functions are great but I think it could be better like I could talk to it or give in depth analysis. Right now AI is basic",0,2025-12-15 03:58:55
com.myscript.nebo,MyScript Notes (Nebo),,Juan Marin-Garcia,3,"Me gusta la aplicación, PERO en mi nuevo dispositivo, una tablet TLC de 14 pulgadas, la escritura manuscrita sale deformada.Es un problema de ""aspect Ratio"" lo vertical sale el doble de espacio que lo horizontal y queda como aplastado a lo ancho solo me pasa con esta aplicación, en todas las demas (concepts, one note, etc.) la proporción es perfecta en todos mis dispositivos",0,2025-12-14 14:23:30
com.myscript.nebo,MyScript Notes (Nebo),,ab devillers,5,it is too good,0,2025-12-14 12:14:23
com.myscript.nebo,MyScript Notes (Nebo),,Praveen Prasad,5,Just great. Recognized cursive writing and converts to text. Just Brilliant!,0,2025-12-14 08:49:17
com.myscript.nebo,MyScript Notes (Nebo),,Szymon Marczak,1,can't click 'x' because the button is covered by the status bar. I wish the programmers won't write a single line of code anymore,0,2025-12-14 01:04:56
com.myscript.nebo,MyScript Notes (Nebo),,Aliyana,1,can't even use the app without seeing the subscription tab and I can't even click out of that tab because the X icon is under my UI display at the top of my screen,0,2025-12-13 04:56:43
com.myscript.nebo,MyScript Notes (Nebo),,Sam,1,"the fact that I can't use it without making an account is a no from me dawg. i dont need syncing and cloud saving etc if im just trying to see if i even want to continue. if you at least had the Google linking where I didn't have to sign in manually I might not be so annoyed about it. user experience is important y'all, and if you can't make it easy to start using your app, then no thanks.",0,2025-12-12 18:24:48
com.myscript.nebo,MyScript Notes (Nebo),,punam surana,2,it's good,0,2025-12-12 12:51:31
com.myscript.nebo,MyScript Notes (Nebo),,Kaki,5,years ago (2019) i bought this app's once in a lifetime payment and never looked back. superb support,0,2025-12-12 12:00:55
com.myscript.nebo,MyScript Notes (Nebo),,Ritik Raj,2,please allow laser pointer with stylus while reading pdf or notes,0,2025-12-12 11:34:39
com.myscript.nebo,MyScript Notes (Nebo),,Sean Clarke,5,"This app wasn't the right one for my use case. 5 star customer service though, which I appreciate. You write on the screen, then you have to circle the text to convert it. I thought the text would convert as I write. After converting each bit of text is an individual block - the converted text is not added to the other bits in a properly formatted note. Myscript Notes is a drawing app with very basic text scratch pad features. It is not a replacement for typing notes.",1,2025-12-12 10:05:22
com.myscript.nebo,MyScript Notes (Nebo),,Pratik Desai,1,sign up or sign in is not working,0,2025-12-12 05:42:21
com.zoho.notebook,Notebook - AI Notes & Notepad,,Abdulahi Mohammed,5,this app is my best choice for my daily life,0,2026-01-06 10:03:14
com.zoho.notebook,Notebook - AI Notes & Notepad,,THE YOGESH PAL,5,very good user interface,0,2026-01-06 06:58:01
com.zoho.notebook,Notebook - AI Notes & Notepad,,Pradeep Kumar,5,very good 👍 thanks 🙏,0,2026-01-05 16:21:56
com.zoho.notebook,Notebook - AI Notes & Notepad,,Sakthivel K,5,Good app date 05/01/26 Sai Ram,0,2026-01-05 16:18:29
com.zoho.notebook,Notebook - AI Notes & Notepad,,Sivakumar N,5,good,0,2026-01-05 13:53:43
com.zoho.notebook,Notebook - AI Notes & Notepad,,Ram krishan Pandey,5,good,0,2026-01-05 10:11:41
com.zoho.notebook,Notebook - AI Notes & Notepad,,Narashimha Raje,5,Nice interface and very productive. Liked it. Thank you Zoho.,0,2026-01-05 09:31:29
com.zoho.notebook,Notebook - AI Notes & Notepad,,Komaturi Sundara rao,5,super,0,2026-01-05 07:35:40
com.zoho.notebook,Notebook - AI Notes & Notepad,,MUTHURAJU D,5,good,0,2026-01-04 16:08:51
com.zoho.notebook,Notebook - AI Notes & Notepad,,Vishnu Singh,2,Search inside notebook is not very easy. it should be provided on the top ribben so that text can be found in notebook easily,0,2026-01-04 15:36:00
com.zoho.notebook,Notebook - AI Notes & Notepad,,Abhishek Bansal,4,it is good but please make more easier,0,2026-01-04 15:08:21
com.zoho.notebook,Notebook - AI Notes & Notepad,,rakesh rathod,4,i cant add notebook widget into my Samsung A35 to home screen it says 'no notecards' but i have many notecard saved please fix this. other than this nicely built app. now i can move from ggl notepad to our own Indian notepad. it feels safe and secure.,0,2026-01-04 14:18:23
com.zoho.notebook,Notebook - AI Notes & Notepad,,Dave Dave,2,"I've never used an app that crashes so often. Another issue is the frequent ""notecard conflicts,"" which are handled very poorly. Pro: It occasionally works fine. Update January 2026: Still many conflicts. Synchronisation between desktop app and phone crashes very often. My changes often are not even in the version history.",3,2026-01-04 08:59:10
com.zoho.notebook,Notebook - AI Notes & Notepad,,sagar mutha,5,awesome app,0,2026-01-03 17:31:34
com.zoho.notebook,Notebook - AI Notes & Notepad,,Rajput_Ansh,4,it's easy to use this app...,0,2026-01-03 17:11:31
com.zoho.notebook,Notebook - AI Notes & Notepad,,Jatharnya B,5,best notebook,0,2026-01-03 16:58:58
com.zoho.notebook,Notebook - AI Notes & Notepad,,An539,3,This is my favorite list making app but I can't get it on my watch! It won't even appear as an option to download.,0,2026-01-02 18:30:17
com.zoho.notebook,Notebook - AI Notes & Notepad,,Oshin C O,2,"Notebook Free-tier is Good, But subscribing to Pro version was a mistake, No advertised fearures, Poor Customer Support. If you really wish to try, start with Lowest-priced monthly subscription,. A refund is unlikely, If you report the misleading advertisement you won't even get a proper resoponse/clarification from the so called 'Pro Priority Support'.",1,2026-01-02 16:30:25
com.zoho.notebook,Notebook - AI Notes & Notepad,,Norman Ronald,2,Poor,0,2026-01-02 10:51:06
com.zoho.notebook,Notebook - AI Notes & Notepad,,Ansul,1,worst app i have subscribed for there pro version for 659 and guess what its total waste whatever promised nothing delivered no chat support no pdf annotation no whiteboard lol... i want refund.. this is total scam,0,2026-01-02 08:05:31
com.zoho.notebook,Notebook - AI Notes & Notepad,,MAGGO,3,"Everything was going great with this app, and I transferred all my Google Keep data to it because I used to love it. However, once I switched my handset and tried to access the data on my new phone, it showed that ""the file is unavailable."" Problems: 1. Audio files don't play across different operating systems (Android to iOS). 2. Data doesn't sync automatically, even though it shows the date and time of the last sync, which is a false statement. (occurred in the same OS (Android to Android)",0,2026-01-02 06:39:38
com.zoho.notebook,Notebook - AI Notes & Notepad,,Rushy Rose,5,excellent apps..!! 😍😍👍👍☝️👌👌,0,2026-01-02 05:26:12
com.zoho.notebook,Notebook - AI Notes & Notepad,,Lisa Romero,5,"I really enjoy using this Notebook App. It offers many aesthetically pleasing options and is very flexible. With other notebook Apps I find something frustrating or limiting, but this one does pretty much everything I need it to do.",0,2026-01-01 21:54:34
com.zoho.notebook,Notebook - AI Notes & Notepad,,Yellow Me,2,"It's difficult to explain why I dislike this app, but I wish you all the best. I've uninstalled it from my phone.",0,2026-01-01 20:07:14
com.zoho.notebook,Notebook - AI Notes & Notepad,,Next level,5,very good app,0,2026-01-01 08:36:06
com.zoho.notebook,Notebook - AI Notes & Notepad,,Kamalesh Ramalingem,1,i don't wanna give my phone number just to create an account. And i can't even try out the app without signing in.,0,2025-12-31 18:06:33
com.zoho.notebook,Notebook - AI Notes & Notepad,,Punit,4,so good,0,2025-12-31 17:47:23
com.zoho.notebook,Notebook - AI Notes & Notepad,,Andrew T.,1,Getting Better. ..,0,2025-12-31 09:05:57
com.zoho.notebook,Notebook - AI Notes & Notepad,,Vinod Neelapu,5,"Being an Indian app, it would be very good if it provides fonts for Indian languages too.",0,2025-12-31 04:12:39
com.zoho.notebook,Notebook - AI Notes & Notepad,,Gaurav Mishra,5,to good and much use for me,0,2025-12-30 12:02:00
com.zoho.notebook,Notebook - AI Notes & Notepad,,Sasi Sasi,5,super👌🏾👌🏾👌🏾,0,2025-12-30 09:40:35
com.zoho.notebook,Notebook - AI Notes & Notepad,,Lokanath,3,App is little buggy and animations are slow. There are no option of archive notes and add device font. Font Size option not working properly. Sort by custom option should be available for free users. Zoho Team should improve on these things. By the way app is quite good. Thank you.,1,2025-12-29 10:07:11
com.zoho.notebook,Notebook - AI Notes & Notepad,,Lakshmana R,2,Very bad in sync across multiple devices,0,2025-12-28 19:07:23
com.zoho.notebook,Notebook - AI Notes & Notepad,,Emuobosa Onerhime,5,I have only good things to say. Zoho Notebook keeps improving. Well done to the team!,1,2025-12-28 17:55:39
com.zoho.notebook,Notebook - AI Notes & Notepad,,exited Gaming,5,Good 👍👍👍👍👍👍,0,2025-12-28 16:42:53
com.zoho.notebook,Notebook - AI Notes & Notepad,,sue turner,1,"been using this app for a long time, worked perfect for me. then all the sudden, I couldn't do anything without a pop-up to upgrade so eventually I caved because I do use it a lot. got charged immediately, still cant do anything. really not happy, and if it doesn't get fixed, ill be looking elsewhere",1,2025-12-28 15:52:47
com.zoho.notebook,Notebook - AI Notes & Notepad,,Chandan Ganesh Hegde,5,Very Helpful. Highly User friendly Very good customisation options Suitable for variety of work.,0,2025-12-28 04:31:24
com.zoho.notebook,Notebook - AI Notes & Notepad,,Gee Spang,2,"I used to. be a big fan of this app. Was a great ""lightweight"" alternative to Nevernote....but unfortunately enshittification has led to steady decline and it is now just as overstuffed and buggy.",0,2025-12-28 03:34:32
com.zoho.notebook,Notebook - AI Notes & Notepad,,Kei Lee,3,"Premium user. A while ago, I reported a bug to developers and they still haven't fixed it. When trying to upload my own art for notebook cover, the button for 'done' is erroneously in the far right corner, overlapping the status bar, rendering the 'done' button null completely. You are unable to upload your custom artwork, at least on Pixel phones. You must use the iPad app version or desktop app. I have a Pixel Pro 9 Fold. Tried both closed and open mode of my phone.",0,2025-12-27 21:00:20
com.zoho.notebook,Notebook - AI Notes & Notepad,,karthik subiramani,3,it's very nice to use,0,2025-12-27 19:30:37
com.zoho.notebook,Notebook - AI Notes & Notepad,,Jordan Talmor,1,Don't use this for the recording feature. I lost an entire meeting because it timed out. there's no warning. there is no saving Midway through just everything lost. and thankfully I was taking notes as well so I didn't lose everything from that meeting. but don't use this if you think you can rely on it for note-taking.,0,2025-12-27 18:18:27
com.zoho.notebook,Notebook - AI Notes & Notepad,,Joydip Mahata,3,"You need to make zoho apps smoother, adding animation, font-family etc. Enhance User Interface (UI)",0,2025-12-27 13:09:18
com.zoho.notebook,Notebook - AI Notes & Notepad,,Merrit,1,HORRIBLE! After trial over you lose all your notes.,0,2025-12-26 22:22:18
com.zoho.notebook,Notebook - AI Notes & Notepad,,george_lol,2,"is a good app and deserves a higher rating which I'll give when and if a bunch of issues are fixed. I've got a list, too long to go into here but I do want to cover one issue here. to do's: they are too easy to delete and there is no recovery. Flashing an undo on the screen for one or two seconds is insufficient. add a recovery or verify before the actual delete. what would the contract address be for my list?",0,2025-12-26 16:50:15
com.zoho.notebook,Notebook - AI Notes & Notepad,,Debayan Dutta,2,App is useful and feature rich but lags too much on my phone,0,2025-12-26 14:55:18
com.zoho.notebook,Notebook - AI Notes & Notepad,,George Daly,3,"Tried Notion and Joplin and Evernote. Prefer Zoho Notepad interface and layout. Migration from Evernote was dead slow but okay in the end. Synchronization between platforms is also slow. Windows APP & web app are best for editing. 26/12/'25 Update: Found and reported obvious deficiencies via 'Feedback'. Zoho responded by making fixes, issued update. Still waiting on others. Example: Zoho's Note Sharing link is unusable. Print & Export leaves out the note title.",14,2025-12-26 14:32:25
com.zoho.notebook,Notebook - AI Notes & Notepad,,Prashant singh,1,Buggy.. Can't even LogIn.. Installed and waited for 7 min to login via my gmail.. but no hopes ... UNINSTALLED immediately,0,2025-12-26 10:07:34
com.zoho.notebook,Notebook - AI Notes & Notepad,,PJ Official,1,"Why you say it's a most beautiful note taking app? it's not bro, its buggy even in 3.35Gz phone plus no customisation we can just change the black and white theme 🤣. It's far away from every other popular note taking apps in terms of look.",0,2025-12-26 07:06:57
com.zoho.notebook,Notebook - AI Notes & Notepad,,ADITYA SINGH,5,very good Note book app,0,2025-12-26 06:43:55
com.zoho.notebook,Notebook - AI Notes & Notepad,,Vinay Pandey Panday,5,nice work Best,0,2025-12-25 19:46:52
com.joyolabs.noteify,CraftNote – AI Note Taker,,Zor Arcega,5,Craftnote makes my working life a lot easier.,0,2026-01-06 17:10:22
com.joyolabs.noteify,CraftNote – AI Note Taker,,Nour Shetta,5,It is great to be organised when Craftnote carry this for you and you feel the difference and you go ahead faster you must thank the Craftnote teams.,0,2026-01-06 16:23:06
com.joyolabs.noteify,CraftNote – AI Note Taker,,Etyang Richard,4,great,0,2026-01-06 16:23:02
com.joyolabs.noteify,CraftNote – AI Note Taker,,GOZIEM NWOSU,5,this is unavoidably good,0,2026-01-06 16:01:28
com.joyolabs.noteify,CraftNote – AI Note Taker,,Samuel chukwunwike,5,Am glad I saw this app,0,2026-01-06 14:35:01
com.joyolabs.noteify,CraftNote – AI Note Taker,,deepak Chandrashekar natu,5,I am loving it 😍,0,2026-01-06 13:12:34
com.joyolabs.noteify,CraftNote – AI Note Taker,,Musa Zubairu,5,Great assistance...,0,2026-01-06 07:30:28
com.joyolabs.noteify,CraftNote – AI Note Taker,,Swati Prajapati,5,nice,0,2026-01-06 07:26:32
com.joyolabs.noteify,CraftNote – AI Note Taker,,Chan Htut,5,great app,0,2026-01-06 03:38:02
com.joyolabs.noteify,CraftNote – AI Note Taker,,Abubakar Yakubu Jahmara,5,Hoping to achieve positive results,0,2026-01-05 23:40:52
com.joyolabs.noteify,CraftNote – AI Note Taker,,Josephine pinder,5,very good app,0,2026-01-05 20:53:21
com.joyolabs.noteify,CraftNote – AI Note Taker,,Philip Taupili,5,"Craftnote, will help me with my workload and save my time in doing other job",0,2026-01-05 20:18:38
com.joyolabs.noteify,CraftNote – AI Note Taker,,Oswald,5,This is the greatest app ever. Couldn't come at a better time.,0,2026-01-05 19:34:03
com.joyolabs.noteify,CraftNote – AI Note Taker,,Jaafar Doma,5,I think this app is great,0,2026-01-05 18:05:49
com.joyolabs.noteify,CraftNote – AI Note Taker,,ASHUTOSH SUMAN MISHRA,5,good app,0,2026-01-05 15:02:13
com.joyolabs.noteify,CraftNote – AI Note Taker,,Michael Aloko,5,Superb,0,2026-01-05 12:32:02
com.joyolabs.noteify,CraftNote – AI Note Taker,,Habib Atayo,4,Great,0,2026-01-05 12:10:52
com.joyolabs.noteify,CraftNote – AI Note Taker,,Anjali Parkale,5,great,0,2026-01-05 08:06:45
com.joyolabs.noteify,CraftNote – AI Note Taker,,John Davis,1,cash grab.,0,2026-01-05 04:34:40
com.joyolabs.noteify,CraftNote – AI Note Taker,,Marinda,5,I love it,0,2026-01-05 03:13:46
com.joyolabs.noteify,CraftNote – AI Note Taker,,Selma N Iifo,5,I hope this app work well as it's explained itself,0,2026-01-05 01:41:22
com.joyolabs.noteify,CraftNote – AI Note Taker,,Alexandra Hall (Alex),3,I would give it more stars if it didn't mess up all of a sudden it keeps telling me I need to update my app but there's no option to update on Google Play just says open every time I hit the update so I can't do anything on the app at all I can't look at anything I've recorded it's like locked until the app is updated and I've tried uninstalling and reinstalling that did not work. If you can fix this I'll give it five stars.,0,2026-01-04 19:30:29
com.joyolabs.noteify,CraftNote – AI Note Taker,,charles osungbemi,5,THE BEST,0,2026-01-04 19:21:58
com.joyolabs.noteify,CraftNote – AI Note Taker,,Chidera Gideon Edeh,5,this is great,0,2026-01-04 17:29:06
com.joyolabs.noteify,CraftNote – AI Note Taker,,Emmanuel Obamen,2,hmmm. nice,0,2026-01-04 16:56:29
com.joyolabs.noteify,CraftNote – AI Note Taker,,Al Desouza,4,They ask for a 4.5* review before I can even used the app yet.... so far they haven't asked for money.....seems legit so far. EDIT: The second you leave the review and go back to the app....you cant use the app until you give payment options. If you refuse....you can only use & make 2 recordings for free and then you are required to pay to continue using the app. Mind you....the app IS legit. However you must pay after 2 free attempts.,0,2026-01-04 16:35:40
com.joyolabs.noteify,CraftNote – AI Note Taker,,HOYWIK Kenya,5,nice app 👌,0,2026-01-04 16:26:13
com.joyolabs.noteify,CraftNote – AI Note Taker,,Lani Sapo,5,It will be a great help especially on clients meeting and reviews points before implementation of project,0,2026-01-04 15:19:04
com.joyolabs.noteify,CraftNote – AI Note Taker,,Christon Rey Caadlawon,5,its fine,0,2026-01-04 14:44:29
com.joyolabs.noteify,CraftNote – AI Note Taker,,syed khairul azly,5,It's so helpful and give a self confidence too,0,2026-01-04 14:28:04
com.joyolabs.noteify,CraftNote – AI Note Taker,,Hayden Anyasi,2,"seems like a decent idea and the all looks okay, but with the free version it pushes the fact that you aren't using the pro version way too hard that it even prevents you from seeing your notes in their entirety. Yes it's a free trial but don't play the game that way. Gross",0,2026-01-04 14:18:35
com.joyolabs.noteify,CraftNote – AI Note Taker,,Edward Wamamili,5,Amazing,0,2026-01-04 11:39:13
com.joyolabs.noteify,CraftNote – AI Note Taker,,អធិការ ផល,5,like,0,2026-01-04 11:38:14
com.joyolabs.noteify,CraftNote – AI Note Taker,,Omarion Ikenna Iheanacho,1,"If there was a way to give -4 stars, I would ... WhatsApp offers a better record and transcribe feature for free ... I could mention like 10 other apps that also offer the same ... The worst is the amount you charge ... You for kuku carry gun put for my head say make i pay 11k for one month ... Y'all are very crazy ... How do you expect Most of your target audience who are students to pay 11k a month for your ridiculous app?????",0,2026-01-04 11:24:13
com.joyolabs.noteify,CraftNote – AI Note Taker,,Naisan 4,5,awesome,0,2026-01-04 07:48:52
com.joyolabs.noteify,CraftNote – AI Note Taker,,Hammer Roi,5,very useful,0,2026-01-04 04:26:20
com.joyolabs.noteify,CraftNote – AI Note Taker,,Luvuyo Nomaqhiza,5,excellent 👌,0,2026-01-04 03:55:53
com.joyolabs.noteify,CraftNote – AI Note Taker,,Amaka Dickson,4,Good app with note summary and flashcards it's easy accessible and fits your preference style. it's good for studying and great to. recommended to university students,0,2026-01-04 00:30:19
com.joyolabs.noteify,CraftNote – AI Note Taker,,Dim Sot,5,seems a very promising application,0,2026-01-04 00:29:02
com.joyolabs.noteify,CraftNote – AI Note Taker,,Waheed Kelani,5,wonderful,0,2026-01-03 23:44:09
com.joyolabs.noteify,CraftNote – AI Note Taker,,francis christian,4,very good,0,2026-01-03 23:12:33
com.joyolabs.noteify,CraftNote – AI Note Taker,,Dr Julius Plinduo,1,very good,0,2026-01-03 22:41:24
com.joyolabs.noteify,CraftNote – AI Note Taker,,Dhanushanth Rajasingham,5,"this better be free of charge, innit noew",0,2026-01-03 20:42:51
com.joyolabs.noteify,CraftNote – AI Note Taker,,Appiah-kubi Kofi,5,Nice,0,2026-01-03 20:30:26
com.joyolabs.noteify,CraftNote – AI Note Taker,,Chad Miller,5,awesome App!,0,2026-01-03 16:39:35
com.joyolabs.noteify,CraftNote – AI Note Taker,,Preements Preements,5,great apps,0,2026-01-03 16:32:50
com.joyolabs.noteify,CraftNote – AI Note Taker,,Charles Ajie,4,This App helps me organize my work,0,2026-01-03 15:22:24
com.joyolabs.noteify,CraftNote – AI Note Taker,,NB DAVI,5,best,0,2026-01-03 13:56:56
com.joyolabs.noteify,CraftNote – AI Note Taker,,Usiayo Henry,4,awesome app,0,2026-01-03 12:51:31
com.joyolabs.noteify,CraftNote – AI Note Taker,,Bharat Vaishnav,4,good,0,2026-01-03 11:45:39
com.artmvstd.voiceTranscriber,"AI Note Taking, Memo: NoteHive",,Muse yusuf,3,good,0,2025-12-13 13:44:11
com.artmvstd.voiceTranscriber,"AI Note Taking, Memo: NoteHive",,Khadiija Alqudubi,5,goood and helpfulll,0,2025-11-07 10:56:24
com.artmvstd.voiceTranscriber,"AI Note Taking, Memo: NoteHive",,Gargee Roychowdhury,5,Good,0,2025-07-01 09:26:03
com.artmvstd.voiceTranscriber,"AI Note Taking, Memo: NoteHive",,Rangan iyer,1,this app is useless not up loadinng audio file,0,2025-06-26 11:38:17
com.artmvstd.voiceTranscriber,"AI Note Taking, Memo: NoteHive",,Виктория Артёмова,5,"absolutely amazing , greatly helped with my exam",1,2025-06-11 16:48:43
